subject_id,T2_1 Set scale (0.5 cm): pixel_length,T2_1 Set scale (0.5 cm): x1,T2_1 Set scale (0.5 cm): x2,T2_1 Set scale (0.5 cm): y1,T2_1 Set scale (0.5 cm): y2,T2_1 Tegula length: length cm,T2_1 Tegula length: pixel_length,T2_1 Tegula length: x1,T2_1 Tegula length: x2,T2_1 Tegula length: y1,T2_1 Tegula length: y2,T3_1 Were you able to measure the bee?,catalogNumber,originalFileName
82150776,446.0,2186,2632,791,789,0.2,181.04,2635,2816,1644,1640,Yes,AMNH BEE 00210032,AMNH BEE 00210032_had_lbs.jpg
82150825,447.0,2195,2642,810,809,0.19,173.1,2807,2980,1843,1837,Yes,AMNH BEE 00210071,AMNH BEE 00210071_had_lbs.jpg
82150866,446.0,2095,2541,793,791,0.2,175.35,2561,2736,1726,1715,Yes,AMNH BEE 00210128,AMNH BEE 00210128_had_lbs.jpg
82150877,446.0,2227,2673,788,790,0.15,134.18,2657,2791,1723,1716,Yes,AMNH BEE 00210165,AMNH BEE 00210165_had_lbs.jpg
82150901,442.04,2189,2631,827,821,0.35,306.13,2637,2943,1710,1701,Yes,LACM ENT 601455,LACM ENT 601455_had_lbs.jpg
82150909,440.0,1982,2422,932,933,0.35,311.13,2481,2792,1843,1852,Yes,LACM ENT 601469,LACM ENT 601469_had_lbs.jpg
82150931,510.0,2350,2860,851,849,0.3,306.0,2248,2554,1904,1904,Yes,LACM ENT 601470,LACM ENT 601470_had_lbs.jpg
82150932,405.35,2421,2764,935,1151,0.42,342.71,2344,2686,1683,1661,Yes,LACM ENT 601472,LACM ENT 601472_had_lbs.jpg
82150946,411.0,2516,2927,848,847,0.39,319.03,2521,2840,1791,1795,Yes,LACM ENT 601478,LACM ENT 601478_had_lbs.jpg
82150951,263.02,2353,2616,879,882,0.55,291.0,2377,2668,2173,2174,Yes,LACM ENT 601480,LACM ENT 601480_had_lbs.jpg
82150956,456.76,2233,2636,897,1112,0.38,346.28,2456,2802,1864,1878,Yes,LACM ENT 601499,LACM ENT 601499_had_lbs.jpg
82150979,442.01,2528,2970,839,836,0.31,274.02,3128,3402,2050,2053,Yes,LACM ENT 601500,LACM ENT 601500_had_lbs.jpg
82150985,439.0,1644,2083,959,958,0.31,270.07,1994,2263,1974,1950,Yes,LACM ENT 601501,LACM ENT 601501_had_lbs-2.jpg
82150991,449.0,1731,2180,967,966,0.33,294.49,1982,2276,1970,1953,Yes,LACM ENT 601501,LACM ENT 601501_had_lbs.jpg
82151015,440.0,2320,2760,883,883,0.67,591.8,2776,3364,2154,2087,Yes,LACM ENT 601502,LACM ENT 601502_had_lbs.jpg
82151033,446.0,2189,2635,807,805,0.26,233.26,2327,2560,2032,2043,Yes,LACM ENT 601503,LACM ENT 601503_had_lbs.jpg
82151057,418.01,2135,2553,851,854,0.38,320.06,2662,2982,1861,1867,Yes,LACM ENT 601504,LACM ENT 601504_had_lbs.jpg
82151062,414.0,2221,2635,816,816,0.38,314.1,2418,2732,2058,2050,Yes,LACM ENT 601505,LACM ENT 601505_had_lbs.jpg
82151085,413.0,2234,2647,820,819,0.41,339.18,2723,3062,1715,1704,Yes,LACM ENT 601506,LACM ENT 601506_had_lbs.jpg
82151091,414.0,2358,2772,687,686,0.38,318.16,2631,2949,1769,1759,Yes,LACM ENT 601507,LACM ENT 601507_had_lbs.jpg
82151098,415.0,2451,2866,868,868,0.36,298.04,2426,2724,1935,1940,Yes,LACM ENT 601508,LACM ENT 601508_had_lbs.jpg
82151106,440.0,2323,2763,844,842,0.38,334.06,2830,3162,1739,1702,Yes,LACM ENT 601531,LACM ENT 601531_had_lbs.jpg
82151116,413.0,2248,2661,831,832,0.36,298.41,2618,2915,1949,1920,Yes,LACM ENT 601534,LACM ENT 601534_had_lbs.jpg
82151117,410.0,2148,2558,864,866,0.44,361.17,2450,2811,1810,1799,Yes,LACM ENT 601537,LACM ENT 601537_had_lbs.jpg
82151118,268.0,2300,2568,933,933,0.36,194.06,2542,2736,1750,1755,Yes,LACM ENT 601538,LACM ENT 601538_had_lbs.jpg
82151133,434.0,2485,2919,826,827,0.23,198.0,2896,3094,1793,1794,Yes,LACM ENT 601539,LACM ENT 601539_had_lbs.jpg
82151137,250.0,2434,2684,820,821,0.38,190.67,2423,2613,1883,1867,Yes,LACM ENT 601540,LACM ENT 601540_had_lbs.jpg
82151140,436.02,2097,2533,917,913,0.24,207.0,2419,2626,1793,1793,Yes,LACM ENT 601560,LACM ENT 601560_had_lbs.jpg
82151160,441.02,2281,2722,979,975,0.24,214.0,2479,2693,2001,2002,Yes,LACM ENT 601561,LACM ENT 601561_had_lbs.jpg
82151167,399.83,2510,2849,952,1164,0.37,294.11,2475,2769,1917,1925,Yes,LACM ENT 601562,LACM ENT 601562_had_lbs.jpg
82151173,443.03,2559,3002,941,946,0.26,232.05,3013,3245,1786,1781,Yes,LACM ENT 601563,LACM ENT 601563_had_lbs.jpg
82151194,413.03,2184,2597,814,809,0.42,349.04,2693,3042,1714,1709,Yes,LACM ENT 601565,LACM ENT 601565_had_lbs.jpg
82151200,437.0,2639,3076,863,862,0.23,198.46,2999,3196,2010,1986,Yes,LACM ENT 601567,LACM ENT 601567_had_lbs.jpg
82151203,441.0,2411,2852,811,809,0.4,352.89,3029,3381,1818,1793,Yes,LACM ENT 601568,LACM ENT 601568_had_lbs.jpg
82151221,440.0,2367,2807,840,838,0.25,220.0,2817,3037,1727,1726,Yes,LACM ENT 601570,LACM ENT 601570_had_lbs.jpg
82151232,433.0,2031,2464,834,836,0.33,283.18,2313,2596,2270,2260,Yes,LACM ENT 601590,LACM ENT 601590_had_lbs.jpg
82151240,448.0,2079,2527,885,884,0.39,351.21,2369,2720,1739,1751,Yes,LACM ENT 601591,LACM ENT 601591_had_lbs-2.jpg
82151247,425.0,1941,2366,1037,1035,0.41,350.05,2367,2717,1730,1736,Yes,LACM ENT 601591,LACM ENT 601591_had_lbs.jpg
82151253,535.0,2222,2757,943,944,0.35,375.54,2366,2614,1769,2051,Yes,LACM ENT 601592,LACM ENT 601592_had_lbs.jpg
82151255,445.0,2103,2548,1024,1026,0.35,311.1,2608,2919,2130,2122,Yes,LACM ENT 601594,LACM ENT 601594_had_lbs.jpg
82151256,447.0,1896,2343,818,819,0.23,204.09,2150,2354,2257,2251,Yes,LACM ENT 601596,LACM ENT 601596_had_lbs.jpg
82151257,451.0,2160,2611,811,811,0.24,216.02,2493,2709,2314,2317,Yes,LACM ENT 601598,LACM ENT 601598_had_lbs.jpg
82151261,379.83,2312,2674,989,1104,0.34,254.57,2532,2786,1715,1732,Yes,LACM ENT 601619,LACM ENT 601619_had_lbs.jpg
82151267,443.01,1907,2350,889,886,0.21,183.79,2646,2829,1710,1693,Yes,LACM ENT 601620,LACM ENT 601620_had_lbs.jpg
82151272,445.0,2052,2497,907,907,0.31,276.0,2487,2763,1924,1924,Yes,LACM ENT 601622,LACM ENT 601622_had_lbs.jpg
82151279,445.0,2238,2683,838,840,0.24,211.01,2685,2896,1901,1903,Yes,LACM ENT 601623,LACM ENT 601623_had_lbs.jpg
82151285,436.0,2014,2450,870,871,0.41,354.86,2214,2566,1655,1700,Yes,LACM ENT 601626,LACM ENT 601626_had_lbs.jpg
82151288,452.0,2350,2802,815,813,0.23,206.04,2668,2874,1969,1965,Yes,LACM ENT 601627,LACM ENT 601627_had_lbs.jpg
82151289,442.0,2403,2845,933,932,0.22,196.09,2602,2798,1858,1852,Yes,LACM ENT 601628,LACM ENT 601628_had_lbs.jpg
82151290,415.0,2212,2627,815,816,0.41,342.01,2609,2951,1784,1786,Yes,LACM ENT 601629,LACM ENT 601629_had_lbs.jpg
82151291,438.0,2087,2525,935,933,0.26,225.72,2509,2734,1974,1956,Yes,LACM ENT 601649,LACM ENT 601649_had_lbs.jpg
82151298,444.0,2390,2834,848,847,0.15,131.03,2621,2752,1985,1982,Yes,LACM ENT 601652,LACM ENT 601652_had_lbs.jpg
82151305,414.0,2275,2689,801,800,0.36,295.24,2587,2882,2027,2015,Yes,LACM ENT 601657,LACM ENT 601657_had_lbs.jpg
82151313,267.0,2085,2352,824,824,0.38,205.16,2486,2691,2027,2035,Yes,LACM ENT 601659,LACM ENT 601659_had_lbs.jpg
82151319,439.0,2218,2657,870,870,0.24,207.02,2597,2804,1992,1989,Yes,LACM ENT 601660,LACM ENT 601660_had_lbs.jpg
82151320,276.03,2363,2639,867,871,0.25,140.16,2812,2951,1848,1866,Yes,LACM ENT 601665,LACM ENT 601665_had_lbs.jpg
82151326,438.03,2694,3132,872,867,0.4,349.24,2663,3012,1823,1810,Yes,LACM ENT 601680,LACM ENT 601680_had_lbs.jpg
82151332,442.03,2023,2465,843,838,0.37,322.97,2312,2634,1602,1577,Yes,LACM ENT 601682,LACM ENT 601682_had_lbs.jpg
82151338,439.03,2094,2533,920,925,0.15,130.14,2650,2780,1731,1725,Yes,LACM ENT 601684,LACM ENT 601684_had_lbs.jpg
82151344,435.0,2397,2832,1027,1027,0.38,334.17,2619,2951,1627,1589,Yes,LACM ENT 601685,LACM ENT 601685_had_lbs.jpg
82151350,438.02,2438,2876,805,809,0.65,566.63,2386,2949,1834,1770,Yes,LACM ENT 601688,LACM ENT 601688_had_lbs.jpg
82151351,441.0,2198,2639,909,911,0.39,345.01,2726,3071,2233,2230,Yes,LACM ENT 601692,LACM ENT 601692_had_lbs.jpg
82151352,233.96,2404,2581,1048,1201,0.32,151.05,2532,2683,2068,2064,Yes,LACM ENT 601695,LACM ENT 601695_had_lbs.jpg
82151353,271.01,2390,2661,866,864,0.39,213.0,2990,3203,2277,2278,Yes,LACM ENT 601696,LACM ENT 601696_had_lbs.jpg
82151358,441.0,2283,2724,769,767,0.26,226.0,2598,2824,1922,1923,Yes,LACM ENT 601698,LACM ENT 601698_had_lbs.jpg
82151364,206.17,2782,2966,1070,1163,0.38,157.32,2487,2644,2017,2007,Yes,LACM ENT 601699,LACM ENT 601699_had_lbs.jpg
82151370,380.11,2441,2802,1054,1173,0.31,233.36,2423,2656,2202,2215,Yes,LACM ENT 601700,LACM ENT 601700_had_lbs.jpg
82151376,268.0,2219,2487,803,802,0.27,145.01,2485,2630,2093,2095,Yes,LACM ENT 601701,LACM ENT 601701_had_lbs.jpg
82151382,395.18,2492,2852,1043,1206,0.38,303.16,2530,2833,2047,2057,Yes,LACM ENT 601703,LACM ENT 601703_had_lbs.jpg
82151383,434.0,2117,2551,835,837,0.3,262.07,2511,2773,2195,2201,Yes,LACM ENT 601704,LACM ENT 601704_had_lbs.jpg
82151384,437.02,2262,2699,843,839,0.31,271.0,2728,2999,1828,1827,Yes,LACM ENT 601706,LACM ENT 601706_had_lbs.jpg
82151385,439.0,2390,2829,612,614,0.11,92.2,2849,2941,1402,1396,Yes,LACM ENT 601707,LACM ENT 601707_had_lbs.jpg
82151387,441.01,2473,2914,1026,1029,0.24,212.36,2958,3169,1884,1860,Yes,LACM ENT 601708,LACM ENT 601708_had_lbs.jpg
82151393,432.01,1870,2302,843,840,0.6,520.05,2271,2790,1762,1729,Yes,LACM ENT 601710,LACM ENT 601710_had_lbs.jpg
82151408,266.01,2199,2465,849,847,0.27,141.0,2553,2694,1922,1921,Yes,LACM ENT 601711,LACM ENT 601711_had_lbs.jpg
82151414,449.0,2024,2473,793,791,0.23,209.54,2391,2600,2056,2071,Yes,LACM ENT 601712,LACM ENT 601712_had_lbs.jpg
82151415,437.01,2504,2941,756,753,0.2,177.81,2806,2983,1684,1667,Yes,LACM ENT 601714,LACM ENT 601714_had_lbs.jpg
82151416,409.42,2443,2815,938,1109,0.36,298.54,2770,3068,1700,1682,Yes,LACM ENT 601716,LACM ENT 601716_had_lbs.jpg
82151418,439.03,2660,3099,876,871,0.11,100.02,3065,3165,1735,1733,Yes,LACM ENT 601717,LACM ENT 601717_had_lbs.jpg
82151423,434.0,1604,2038,972,971,0.33,286.0,2344,2630,2050,2049,Yes,LACM ENT 601718,LACM ENT 601718_had_lbs.jpg
82151430,272.0,2151,2423,930,931,0.28,150.01,2402,2552,2158,2156,Yes,LACM ENT 601722,LACM ENT 601722_had_lbs.jpg
82151435,445.0,2357,2802,709,710,0.23,202.06,2582,2784,1845,1850,Yes,LACM ENT 601723,LACM ENT 601723_had_lbs.jpg
82151441,439.0,2447,2886,726,728,0.24,208.02,2929,3137,1603,1600,Yes,LACM ENT 601725,LACM ENT 601725_had_lbs.jpg
82151447,438.0,2006,2444,922,924,0.29,258.05,2494,2752,2305,2300,Yes,LACM ENT 601729,LACM ENT 601729_had_lbs.jpg
82151448,259.0,2506,2765,918,919,0.31,160.11,2362,2522,1744,1750,Yes,LACM ENT 601732,LACM ENT 601732_had_lbs.jpg
82151449,244.0,2610,2854,1088,1089,1.28,624.16,2546,3170,1965,1951,Yes,LACM ENT 601733,LACM ENT 601733_had_lbs.jpg
82151450,264.02,2794,3058,828,825,1.19,630.0,3143,3773,1966,1965,Yes,LACM ENT 601734,LACM ENT 601734_had_lbs.jpg
82151452,439.0,2293,2732,843,842,0.17,149.01,2595,2744,2175,2177,Yes,LACM ENT 601736,LACM ENT 601736_had_lbs.jpg
82151458,435.0,2044,2479,839,839,0.28,247.24,2611,2858,1717,1728,Yes,LACM ENT 601738,LACM ENT 601738_had_lbs.jpg
82151464,449.0,2421,2870,859,858,0.23,207.0,2531,2738,1970,1970,Yes,LACM ENT 601739,LACM ENT 601739_had_lbs.jpg
82151470,439.03,2523,2962,771,766,0.27,236.12,2953,3188,2077,2100,Yes,LACM ENT 601742,LACM ENT 601742_had_lbs.jpg
82151475,270.0,2270,2540,744,745,0.43,232.95,2402,2634,1959,1980,Yes,LACM ENT 601744,LACM ENT 601744_had_lbs.jpg
82151480,449.0,2132,2581,913,914,0.35,318.01,2603,2921,2478,2476,Yes,LACM ENT 601745,LACM ENT 601745_had_lbs.jpg
82151482,445.0,1581,2026,920,922,0.3,270.6,1693,1963,2167,2185,Yes,LACM ENT 601747,LACM ENT 601747_had_lbs.jpg
82151483,439.0,2199,2638,789,787,0.13,118.04,2732,2850,1610,1607,Yes,LACM ENT 601749,LACM ENT 601749_had_lbs.jpg
82151493,436.0,2191,2627,912,912,0.33,288.69,2317,2605,2226,2206,Yes,LACM ENT 601750,LACM ENT 601750_had_lbs.jpg
82151499,449.0,2198,2647,904,902,0.3,273.18,2395,2668,2224,2214,Yes,LACM ENT 601753,LACM ENT 601753_had_lbs.jpg
82151505,438.0,2000,2438,829,827,0.7,612.25,2143,2750,1756,1676,Yes,LACM ENT 601755,LACM ENT 601755_had_lbs.jpg
82151510,450.0,2174,2624,738,740,0.25,222.11,2598,2820,1906,1913,Yes,LACM ENT 601756,LACM ENT 601756_had_lbs.jpg
82151513,410.4,2058,2410,1261,1050,0.32,261.32,2164,2425,2163,2150,Yes,LACM ENT 601758,LACM ENT 601758_had_lbs.jpg
82151514,442.0,2444,2886,1063,1063,0.27,240.75,2751,2991,2137,2118,Yes,LACM ENT 601759,LACM ENT 601759_had_lbs.jpg
82151515,436.0,1834,2270,902,902,0.23,201.0,2332,2533,1746,1745,Yes,LACM ENT 601760,LACM ENT 601760_had_lbs.jpg
82151518,432.01,1944,2376,840,837,0.46,400.28,3199,3598,1766,1734,Yes,LACM ENT 601761,LACM ENT 601761_had_lbs.jpg
82151524,443.0,2671,3114,836,834,0.77,683.16,3286,3969,2142,2127,Yes,LACM ENT 601762,LACM ENT 601762_had_lbs.jpg
82151530,437.06,1766,2203,1097,1090,0.22,193.01,2260,2453,1903,1905,Yes,LACM ENT 601766,LACM ENT 601766_had_lbs.jpg
82151537,439.0,2298,2737,817,817,0.65,572.0,2402,2974,2041,2042,Yes,LACM ENT 601768,LACM ENT 601768_had_lbs.jpg
82151543,404.36,2689,3041,1061,1260,0.15,125.04,2883,3008,1855,1858,Yes,LACM ENT 601771,LACM ENT 601771_had_lbs.jpg
82151545,395.04,2522,2880,1120,1287,0.38,298.54,2437,2735,2175,2193,Yes,LACM ENT 601772,LACM ENT 601772_had_lbs.jpg
82151546,504.0,2166,2670,910,910,0.26,263.18,2477,2669,1711,1891,Yes,LACM ENT 601775,LACM ENT 601775_had_lbs.jpg
82151547,450.07,2623,3073,768,776,0.28,250.1,2951,3201,1658,1651,Yes,LACM ENT 601777,LACM ENT 601777_had_lbs.jpg
82151550,438.01,2844,3282,252,249,0.24,213.08,3068,3281,1067,1061,Yes,LACM ENT 601778,LACM ENT 601778_had_lbs.jpg
82151557,436.0,2501,2937,663,664,0.2,173.03,2997,3170,1612,1615,Yes,LACM ENT 601779,LACM ENT 601779_had_lbs.jpg
82151565,441.01,2388,2829,994,997,0.14,124.4,2695,2819,1635,1645,Yes,LACM ENT 601780,LACM ENT 601780_had_lbs.jpg
82151574,264.0,2057,2321,862,863,1.11,586.1,2184,2770,1994,1983,Yes,LACM ENT 601781,LACM ENT 601781_had_lbs.jpg
82151577,442.0,2846,3288,1146,1145,0.1,90.14,3145,3231,2238,2211,Yes,LACM ENT 601783,LACM ENT 601783_had_lbs.jpg
82151578,442.0,2087,2529,917,916,0.18,156.05,2433,2589,2306,2302,Yes,LACM ENT 601786,LACM ENT 601786_had_lbs.jpg
82151581,476.05,2595,2980,938,1218,0.64,609.96,2962,3569,2185,2125,Yes,LACM ENT 601787,LACM ENT 601787_had_lbs.jpg
82151587,448.0,2084,2532,864,862,0.37,327.5,2235,2562,2204,2222,Yes,LACM ENT 601788,LACM ENT 601788_had_lbs.jpg
82151593,449.0,2134,2583,843,841,0.24,211.12,2390,2601,2134,2141,Yes,LACM ENT 601797,LACM ENT 601797_had_lbs.jpg
82151599,442.02,2386,2828,865,869,0.74,651.15,2905,3556,2308,2294,Yes,LACM ENT 601799,LACM ENT 601799_had_lbs.jpg
82151606,383.11,2275,2632,1060,1199,0.29,222.14,2286,2508,2114,2122,Yes,LACM ENT 601802,LACM ENT 601802_had_lbs.jpg
82151608,454.05,2178,2632,859,852,0.28,257.02,2547,2804,1972,1975,Yes,LACM ENT 601803,LACM ENT 601803_had_lbs.jpg
82151609,438.0,2276,2714,835,833,0.67,584.25,2566,3150,1885,1868,Yes,LACM ENT 601804,LACM ENT 601804_had_lbs.jpg
82151610,446.0,2108,2554,845,846,0.3,271.31,2180,2451,2217,2204,Yes,LACM ENT 601809,LACM ENT 601809_had_lbs.jpg
82151612,271.01,2162,2433,808,810,0.44,237.01,2280,2517,2193,2195,Yes,LACM ENT 601812,LACM ENT 601812_had_lbs.jpg
82151618,447.0,2392,2839,880,879,0.2,179.34,2741,2920,1841,1852,Yes,LACM ENT 601816,LACM ENT 601816_had_lbs.jpg
82151626,437.0,2183,2620,856,855,0.17,146.22,2756,2902,1913,1905,Yes,LACM ENT 601822,LACM ENT 601822_had_lbs.jpg
82151632,442.0,2247,2689,871,869,0.68,605.05,2602,3202,2005,1927,Yes,LACM ENT 601829,LACM ENT 601829_had_lbs.jpg
82151638,366.01,2532,2886,1102,1195,0.27,200.69,2756,2955,2314,2340,Yes,LACM ENT 601830,LACM ENT 601830_had_lbs.jpg
82151641,375.59,2091,2443,849,980,0.27,206.21,2283,2447,1644,1519,Yes,LACM ENT 601835,LACM ENT 601835_had_lbs.jpg
82151642,443.0,2033,2476,795,793,0.59,519.02,2481,3000,1948,1944,Yes,LACM ENT 601839,LACM ENT 601839_had_lbs.jpg
82151643,443.0,2234,2677,844,846,0.25,217.33,2607,2824,2003,2015,Yes,LACM ENT 601845,LACM ENT 601845_had_lbs.jpg
82151654,440.0,2598,3038,694,694,0.19,165.05,3158,3323,1531,1527,Yes,LACM ENT 601846,LACM ENT 601846_had_lbs.jpg
82151663,368.68,2059,2404,1067,1197,0.43,315.41,2287,2602,2168,2184,Yes,LACM ENT 601852,LACM ENT 601852_had_lbs.jpg
82151669,444.04,1736,2180,923,917,0.29,255.33,2405,2660,2378,2365,Yes,LACM ENT 601854,LACM ENT 601854_had_lbs.jpg
82151671,446.0,1914,2360,758,759,0.21,186.1,2095,2281,1580,1586,Yes,LACM ENT 601855,LACM ENT 601855_had_lbs.jpg
82151672,404.05,1974,2321,795,588,0.4,327.15,2401,2728,1647,1657,Yes,LACM ENT 601859,LACM ENT 601859_had_lbs.jpg
82151673,438.02,2222,2660,909,905,0.72,626.41,2439,3064,2119,2077,Yes,LACM ENT 601860,LACM ENT 601860_had_lbs.jpg
82151674,445.0,2118,2563,895,894,0.31,275.26,1836,2111,2479,2467,Yes,LACM ENT 601862,LACM ENT 601862_had_lbs.jpg
82151679,450.0,2023,2473,794,794,0.23,204.12,2347,2551,1987,1994,Yes,LACM ENT 601866,LACM ENT 601866_had_lbs.jpg
82151685,440.0,2647,3087,943,941,0.27,241.75,2962,3203,1646,1627,Yes,LACM ENT 601867,LACM ENT 601867_had_lbs.jpg
82151703,438.0,1957,2395,846,847,0.29,251.13,2377,2628,1993,2001,Yes,LACM ENT 601868,LACM ENT 601868_had_lbs.jpg
82151724,450.0,2218,2668,813,811,0.26,235.01,2318,2553,1983,1985,Yes,LACM ENT 601870,LACM ENT 601870_had_lbs.jpg
82151756,446.0,1998,2444,750,749,0.24,210.34,2679,2889,2209,2197,Yes,LACM ENT 601872,LACM ENT 601872_had_lbs.jpg
82151764,439.0,2303,2742,798,796,0.65,573.92,2895,3461,1809,1714,Yes,LACM ENT 601873,LACM ENT 601873_had_lbs.jpg
82151767,442.03,2095,2537,883,878,0.3,269.15,2266,2535,1871,1862,Yes,LACM ENT 601874,LACM ENT 601874_had_lbs.jpg
82151776,439.01,1959,2398,859,856,0.28,249.05,2431,2680,1995,2000,Yes,LACM ENT 601876,LACM ENT 601876_had_lbs.jpg
82151777,379.19,2483,2835,1009,1150,0.3,225.11,2561,2786,1927,1934,Yes,LACM ENT 601877,LACM ENT 601877_had_lbs.jpg
82151781,439.01,2105,2544,1015,1012,0.32,279.09,2897,3176,2145,2138,Yes,LACM ENT 601880,LACM ENT 601880_had_lbs.jpg
82151808,444.0,2355,2799,833,832,0.68,602.61,2604,3205,2094,2050,Yes,LACM ENT 601884,LACM ENT 601884_had_lbs.jpg
82151820,264.0,2289,2553,858,858,0.28,149.03,2379,2528,1894,1891,Yes,LACM ENT 601886,LACM ENT 601886_had_lbs.jpg
82151842,266.01,2036,2302,831,829,0.48,254.01,2170,2424,1997,1999,Yes,LACM ENT 601887,LACM ENT 601887_had_lbs.jpg
82151861,437.0,2656,3093,766,766,0.69,599.32,3031,3627,2264,2201,Yes,LACM ENT 601888,LACM ENT 601888_had_lbs.jpg
82151881,436.0,2035,2471,857,856,0.38,335.04,2199,2534,2165,2160,Yes,LACM ENT 601890,LACM ENT 601890_had_lbs.jpg
82151887,445.0,2155,2600,812,810,0.2,177.07,2379,2556,2051,2046,Yes,LACM ENT 601891,LACM ENT 601891_had_lbs.jpg
82151911,269.01,2155,2424,898,896,0.32,174.03,2232,2406,1920,1917,Yes,LACM ENT 601892,LACM ENT 601892_had_lbs-2.jpg
82151916,448.01,2066,2514,889,886,0.32,290.01,2174,2464,1920,1918,Yes,LACM ENT 601892,LACM ENT 601892_had_lbs.jpg
82151922,382.84,2459,2818,1046,1179,0.36,276.0,2750,3026,2089,2090,Yes,LACM ENT 601895,LACM ENT 601895_had_lbs-2.jpg
82151943,447.0,2195,2642,864,863,0.29,258.09,2768,3026,2082,2089,Yes,LACM ENT 601895,LACM ENT 601895_had_lbs.jpg
82151944,439.01,2071,2510,849,846,0.25,219.28,2513,2732,1962,1973,Yes,LACM ENT 601897,LACM ENT 601897_had_lbs-2.jpg
82151949,267.0,2245,2512,852,851,0.41,219.04,2513,2732,1963,1967,Yes,LACM ENT 601897,LACM ENT 601897_had_lbs.jpg
82151963,442.0,2198,2640,854,853,0.19,172.19,2707,2879,2086,2094,No,LACM ENT 601898,LACM ENT 601898_had_lbs-2.jpg
82151966,439.06,2203,2642,844,837,0.37,324.22,2639,2963,2089,2101,No,LACM ENT 601898,LACM ENT 601898_had_lbs.jpg
82151971,516.02,2179,2695,1028,1024,0.27,280.83,2226,2430,1947,2140,Yes,LACM ENT 601899,LACM ENT 601899_had_lbs-2.jpg
82151993,383.76,2167,2513,1032,1198,0.21,165.0,2318,2483,2001,2000,Yes,LACM ENT 601899,LACM ENT 601899_had_lbs.jpg
82151999,266.02,2558,2824,850,847,0.41,218.0,2714,2932,2091,2092,Yes,LACM ENT 601900,LACM ENT 601900_had_lbs-2.jpg
82152005,455.0,2736,3191,871,871,0.22,202.02,2717,2919,2095,2098,Yes,LACM ENT 601900,LACM ENT 601900_had_lbs.jpg
82152027,411.0,1816,2227,764,762,0.21,169.03,2047,2216,1822,1819,Yes,LACM ENT 601901,LACM ENT 601901_had_lbs-2.jpg
82152029,244.0,1818,2062,756,756,0.22,105.02,2079,2184,1823,1821,Yes,LACM ENT 601901,LACM ENT 601901_had_lbs.jpg
82152034,171.11,1929,2100,531,537,0.25,85.38,1334,1419,1169,1161,Yes,LACM ENT 601907.jpg,LACM ENT 601907.jpg
82152064,440.0,2009,2449,812,814,0.19,167.0,2432,2599,1656,1655,Yes,LACM ENT 601908,LACM ENT 601908_had_lbs-2.jpg
82152099,441.0,2269,2710,843,843,0.18,157.0,2433,2590,1659,1659,Yes,LACM ENT 601908,LACM ENT 601908_had_lbs.jpg
82152109,534.01,3125,3659,916,920,0.21,222.14,3702,3710,1719,1941,Yes,LACM ENT 601909,LACM ENT 601909_had_lbs-2.jpg
82152127,270.03,2976,3246,779,783,0.38,203.12,3706,3713,1728,1931,Yes,LACM ENT 601909,LACM ENT 601909_had_lbs.jpg
82152128,449.0,2537,2986,795,796,0.21,185.04,2886,3071,1693,1697,Yes,LACM ENT 601910,LACM ENT 601910_had_lbs-2.jpg
82152148,447.0,2359,2806,820,820,0.21,185.04,2884,3069,1694,1698,Yes,LACM ENT 601910,LACM ENT 601910_had_lbs.jpg
82152157,441.0,2198,2639,883,883,0.27,236.05,2670,2906,1741,1746,Yes,LACM ENT 601911,LACM ENT 601911_had_lbs-2.jpg
82152162,439.0,2109,2548,889,887,0.26,232.05,2674,2906,1739,1744,Yes,LACM ENT 601911,LACM ENT 601911_had_lbs.jpg
82152166,445.02,2298,2743,826,822,0.08,69.01,2857,2926,1952,1951,Yes,LACM ENT 601912,LACM ENT 601912_had_lbs-2.jpg
82152184,448.0,2265,2713,823,821,0.21,188.32,2796,2984,1952,1941,Yes,LACM ENT 601912,LACM ENT 601912_had_lbs.jpg
82152193,450.0,2426,2876,787,786,0.21,189.07,2827,3016,1750,1745,Yes,LACM ENT 601913,LACM ENT 601913_had_lbs-2.jpg
82152194,444.0,2346,2790,816,816,0.24,211.02,2822,3033,1754,1751,Yes,LACM ENT 601913,LACM ENT 601913_had_lbs.jpg
82152212,573.04,4092,4665,1024,1031,0.12,136.5,5093,5067,1756,1890,Yes,LACM ENT 601914,LACM ENT 601914_had_lbs-2.jpg
82152213,446.0,4057,4503,767,769,0.22,194.99,5097,5063,1725,1917,Yes,LACM ENT 601914,LACM ENT 601914_had_lbs.jpg
82152221,444.0,2188,2632,946,945,0.37,330.0,2575,2905,2158,2159,Yes,LACM ENT 601915,LACM ENT 601915_had_lbs-2.jpg
82152239,448.0,2185,2633,935,935,0.25,220.01,2631,2851,2165,2167,Yes,LACM ENT 601915,LACM ENT 601915_had_lbs.jpg
82152246,440.0,1671,2111,791,792,0.2,174.14,2415,2589,1721,1714,Yes,LACM ENT 601917,LACM ENT 601917_had_lbs-2.jpg
82152272,435.0,1937,2372,787,786,0.21,182.02,2406,2588,1720,1717,Yes,LACM ENT 601917,LACM ENT 601917_had_lbs.jpg
82152294,446.07,2408,2854,909,901,0.23,208.01,2507,2715,1984,1982,Yes,LACM ENT 601918,LACM ENT 601918_had_lbs-2.jpg
82152295,438.11,2062,2500,938,928,0.22,194.02,2512,2706,1993,1990,Yes,LACM ENT 601918,LACM ENT 601918_had_lbs.jpg
82152315,261.0,2003,2264,829,828,0.26,135.03,2681,2816,1681,1678,Yes,LACM ENT 601919,LACM ENT 601919_had_lbs-2.jpg
82152321,439.0,2091,2530,799,799,0.25,220.11,2638,2858,1682,1675,Yes,LACM ENT 601919,LACM ENT 601919_had_lbs.jpg
82152331,415.0,1850,2265,778,777,0.12,98.05,1919,2017,1524,1521,Yes,LACM ENT 601921,LACM ENT 601921_had_lbs-2.jpg
82152349,413.0,1850,2263,777,776,0.2,164.03,1884,2048,1525,1522,Yes,LACM ENT 601921,LACM ENT 601921_had_lbs.jpg
82152355,276.0,2221,2497,832,832,0.2,113.0,2394,2507,1824,1823,Yes,LACM ENT 601922,LACM ENT 601922_had_lbs-2.jpg
82152369,454.0,2042,2496,821,820,0.2,183.1,2356,2539,1828,1822,Yes,LACM ENT 601922,LACM ENT 601922_had_lbs.jpg
82152377,448.0,1915,2363,561,560,0.35,316.23,2210,2526,2065,2077,Yes,LACM ENT 601926,LACM ENT 601926_had_lbs-2.jpg
82152378,268.0,2368,2636,556,555,0.35,188.1,2274,2462,2066,2072,Yes,LACM ENT 601926,LACM ENT 601926_had_lbs.jpg
82152396,409.0,1781,2190,774,774,0.2,164.0,2344,2508,1604,1603,Yes,LACM ENT 601927,LACM ENT 601927_had_lbs-2.jpg
82152398,412.0,1862,2274,783,781,0.2,162.0,2344,2506,1603,1602,Yes,LACM ENT 601927,LACM ENT 601927_had_lbs.jpg
82152403,270.02,2045,2315,842,845,0.22,119.07,2234,2353,1972,1976,Yes,LACM ENT 601928,LACM ENT 601928_had_lbs-2.jpg
82152426,270.0,2316,2586,840,840,0.23,122.0,2237,2359,1975,1976,Yes,LACM ENT 601928,LACM ENT 601928_had_lbs.jpg
82152433,444.0,2324,2768,781,782,0.2,181.01,2787,2968,1799,1797,Yes,LACM ENT 601929,LACM ENT 601929_had_lbs-2.jpg
82152446,269.0,2588,2857,822,823,0.32,172.0,2793,2965,1804,1804,Yes,LACM ENT 601929,LACM ENT 601929_had_lbs.jpg
82152461,272.03,4392,4664,819,815,0.22,117.43,4724,4734,1839,1956,Yes,LACM ENT 601930,LACM ENT 601930_had_lbs-2.jpg
82152479,449.03,3856,4305,825,820,0.14,122.33,4730,4739,1834,1956,Yes,LACM ENT 601930,LACM ENT 601930_had_lbs.jpg
82152506,454.0,1708,2162,842,843,0.05,42.05,2425,2467,2138,2140,Yes,LACM ENT 601932,LACM ENT 601932_had_lbs-2.jpg
82152515,454.0,1887,2341,858,858,0.2,185.07,2353,2538,2150,2145,Yes,LACM ENT 601932,LACM ENT 601932_had_lbs.jpg
82152538,449.02,2104,2553,857,853,0.37,332.05,2427,2759,1953,1959,Yes,LACM ENT 601933,LACM ENT 601933_had_lbs-2.jpg
82152542,626.02,2208,2834,1242,1237,0.29,365.09,2593,2860,2118,1869,Yes,LACM ENT 601933,LACM ENT 601933_had_lbs.jpg
82152543,440.0,2063,2503,851,849,0.17,153.0,2490,2643,1883,1883,Yes,LACM ENT 601934,LACM ENT 601934_had_lbs-2.jpg
82152557,439.0,2148,2587,864,862,0.18,154.0,2490,2644,1884,1884,Yes,LACM ENT 601934,LACM ENT 601934_had_lbs.jpg
82152562,392.58,3458,3827,1019,885,0.29,224.04,3791,4015,1776,1780,Yes,LACM ENT 601935,LACM ENT 601935_had_lbs-2.jpg
82152568,453.11,3377,3830,736,726,0.24,213.08,3802,4015,1774,1780,Yes,LACM ENT 601935,LACM ENT 601935_had_lbs.jpg
82152592,386.8,2466,2825,966,1110,0.26,198.0,2762,2960,1778,1778,Yes,LACM ENT 601936,LACM ENT 601936_had_lbs-2.jpg
82152599,269.0,2337,2606,809,810,0.33,178.01,2773,2951,1777,1775,Yes,LACM ENT 601936,LACM ENT 601936_had_lbs.jpg
82152622,449.0,2112,2561,748,748,0.22,198.36,2234,2432,1626,1614,Yes,LACM ENT 601937,LACM ENT 601937_had_lbs-2.jpg
82152626,450.0,1665,2115,750,751,0.24,216.23,2227,2443,1622,1612,Yes,LACM ENT 601937,LACM ENT 601937_had_lbs.jpg
82152638,271.0,2426,2697,818,818,0.34,182.07,2768,2950,1776,1771,Yes,LACM ENT 601938,LACM ENT 601938_had_lbs-2.jpg
82152645,273.0,2694,2967,788,788,0.22,118.07,2799,2917,1772,1768,Yes,LACM ENT 601938,LACM ENT 601938_had_lbs.jpg
82152648,444.02,4308,4752,367,371,0.24,215.74,4851,5063,1378,1418,Yes,LACM ENT 601939,LACM ENT 601939_had_lbs-2.jpg
82152676,453.01,4300,4753,336,339,0.23,212.72,4854,5061,1361,1410,Yes,LACM ENT 601939,LACM ENT 601939_had_lbs.jpg
82152705,270.02,2743,3013,723,720,0.37,201.16,3079,3280,1693,1701,Yes,LACM ENT 601940,LACM ENT 601940_had_lbs-2.jpg
82152708,447.0,2742,3189,704,703,0.22,201.02,3082,3283,1711,1714,Yes,LACM ENT 601940,LACM ENT 601940_had_lbs.jpg
82152723,436.0,2173,2609,778,776,0.18,158.2,2622,2780,1694,1686,Yes,LACM ENT 601941,LACM ENT 601941_had_lbs-2.jpg
82152724,442.0,2169,2611,799,798,0.17,152.21,2622,2774,1685,1677,Yes,LACM ENT 601941,LACM ENT 601941_had_lbs.jpg
82152728,448.0,2339,2787,781,782,0.23,207.0,2835,3042,1772,1772,Yes,LACM ENT 601943,LACM ENT 601943_had_lbs-2.jpg
82152729,271.0,2426,2697,816,817,0.35,191.09,2836,3027,1778,1772,Yes,LACM ENT 601943,LACM ENT 601943_had_lbs.jpg
82152747,253.9,1812,1995,979,1155,0.28,144.06,2207,2351,1857,1853,Yes,LACM ENT 601945,LACM ENT 601945_had_lbs-2.jpg
82152752,449.0,1864,2313,833,832,0.24,217.0,2173,2390,1858,1857,Yes,LACM ENT 601945,LACM ENT 601945_had_lbs.jpg
82152762,244.0,783,784,4016,3772,0.22,109.02,1690,1688,3792,3683,Yes,LACM ENT 601947,LACM ENT 601947_had_lbs.jpg
82152781,433.0,3110,3109,1367,1800,0.1,85.01,2159,2160,2218,2303,Yes,LACM ENT 601949,LACM ENT 601949_had_lbs.jpg
82152787,268.0,788,788,3644,3376,0.21,110.22,1751,1744,3183,3073,Yes,LACM ENT 601951,LACM ENT 601951_had_lbs.jpg
82152801,448.0,2330,2778,848,847,0.38,344.09,2502,2846,1923,1931,Yes,LACM ENT 601952,LACM ENT 601952_had_lbs-2.jpg
82152812,452.0,2240,2692,833,831,0.38,340.05,2501,2841,1921,1927,Yes,LACM ENT 601952,LACM ENT 601952_had_lbs.jpg
82152813,414.0,2296,2710,765,765,0.12,99.08,2878,2977,1981,1977,Yes,LACM ENT 601953,LACM ENT 601953_had_lbs-2.jpg
82152827,408.0,2380,2788,796,796,0.21,170.14,2844,3014,1980,1973,Yes,LACM ENT 601953,LACM ENT 601953_had_lbs.jpg
82152834,448.0,2287,2735,801,800,0.22,194.02,2750,2944,1821,1818,Yes,LACM ENT 601954,LACM ENT 601954_had_lbs-2.jpg
82152840,435.0,2295,2730,819,817,0.22,192.01,2755,2947,1835,1833,Yes,LACM ENT 601954,LACM ENT 601954_had_lbs.jpg
82152863,447.0,2264,2711,814,812,0.19,168.24,2835,3003,1798,1789,Yes,LACM ENT 601957,LACM ENT 601957_had_lbs-2.jpg
82152870,380.38,2399,2755,976,1110,0.22,166.05,2839,3005,1795,1791,Yes,LACM ENT 601957,LACM ENT 601957_had_lbs.jpg
82152895,444.0,2358,2802,839,837,0.41,368.0,2387,2755,1854,1853,Yes,LACM ENT 601958,LACM ENT 601958_had_lbs-2.jpg
82152896,439.01,2092,2531,854,851,0.42,366.01,2385,2751,1867,1865,Yes,LACM ENT 601958,LACM ENT 601958_had_lbs.jpg
82152914,265.65,1767,2005,725,843,0.23,123.41,1731,1854,1484,1474,Yes,LACM ENT 601959.jpg,LACM ENT 601959.jpg
82152918,444.0,1832,2276,850,850,0.36,320.69,2103,2423,2222,2243,Yes,LACM ENT 601960,LACM ENT 601960_had_lbs-2.jpg
82152940,447.01,1922,2369,857,854,0.36,322.13,2100,2421,2212,2239,Yes,LACM ENT 601960,LACM ENT 601960_had_lbs.jpg
82152946,410.0,1935,2345,750,752,0.22,182.0,2231,2413,1611,1612,Yes,LACM ENT 601962,LACM ENT 601962_had_lbs-2.jpg
82152957,228.81,2464,2641,895,1040,0.23,105.17,2269,2374,1607,1613,Yes,LACM ENT 601962,LACM ENT 601962_had_lbs.jpg
82152974,409.03,1838,2247,716,711,0.2,162.01,1931,2093,1570,1572,Yes,LACM ENT 601963,LACM ENT 601963_had_lbs-2.jpg
82152979,402.04,1775,2177,736,730,0.21,169.0,1932,2101,1568,1568,Yes,LACM ENT 601963,LACM ENT 601963_had_lbs.jpg
82152994,437.0,1543,1980,807,805,0.19,170.01,2041,2211,1814,1812,Yes,LACM ENT 601964,LACM ENT 601964_had_lbs-2.jpg
82152998,440.0,1630,2070,788,786,0.2,174.05,2041,2215,1816,1812,Yes,LACM ENT 601964,LACM ENT 601964_had_lbs.jpg
82152999,447.73,3616,4020,1070,1263,0.25,220.49,4172,4385,2043,1986,Yes,LACM ENT 601967,LACM ENT 601967_had_lbs-2.jpg
82153015,271.01,3483,3754,949,951,0.36,195.25,4182,4371,2037,1988,Yes,LACM ENT 601967,LACM ENT 601967_had_lbs.jpg
82153028,412.0,2186,2598,1092,1094,0.25,203.0,2840,3043,1925,1926,Yes,LACM ENT 601969,LACM ENT 601969_had_lbs-2.jpg
82153034,411.01,2517,2928,1051,1054,0.27,219.0,2832,3051,1921,1922,Yes,LACM ENT 601969,LACM ENT 601969_had_lbs.jpg
82153056,515.0,2102,2617,973,971,0.25,256.11,2113,2288,1754,1941,Yes,LACM ENT 601971,LACM ENT 601971_had_lbs-2.jpg
82153061,450.0,1865,2315,837,838,0.21,190.0,2189,2379,1810,1809,Yes,LACM ENT 601971,LACM ENT 601971_had_lbs.jpg
82153074,264.0,2071,2335,816,817,0.32,169.03,2854,3023,1795,1798,Yes,LACM ENT 601972,LACM ENT 601972_had_lbs-2.jpg
82153082,453.0,2334,2787,816,816,0.17,157.01,2858,3015,1808,1810,Yes,LACM ENT 601972,LACM ENT 601972_had_lbs.jpg
82153100,453.0,1956,2409,803,801,0.22,203.01,2091,2294,1740,1742,Yes,LACM ENT 601973,LACM ENT 601973_had_lbs-2.jpg
82153109,382.01,2319,2681,950,1072,0.26,201.04,2090,2291,1745,1741,Yes,LACM ENT 601973,LACM ENT 601973_had_lbs.jpg
82153133,435.0,1906,2341,907,906,0.19,162.08,2070,2232,1852,1847,Yes,LACM ENT 601974,LACM ENT 601974_had_lbs.jpg
82153138,451.01,2169,2620,799,796,0.22,201.06,2681,2882,1690,1695,Yes,LACM ENT 601976,LACM ENT 601976_had_lbs-2.jpg
82153143,272.01,2260,2532,798,800,0.23,125.04,2718,2843,1688,1691,Yes,LACM ENT 601976,LACM ENT 601976_had_lbs.jpg
82153164,451.0,1953,2404,824,822,0.2,180.0,2192,2372,1870,1871,Yes,LACM ENT 601977,LACM ENT 601977_had_lbs-2.jpg
82153165,449.0,1778,2227,847,849,0.2,176.0,2192,2368,1867,1867,Yes,LACM ENT 601977,LACM ENT 601977_had_lbs.jpg
82153171,373.87,2257,2609,978,1104,0.26,192.02,2278,2470,1621,1624,Yes,LACM ENT 601978,LACM ENT 601978_had_lbs-2.jpg
82153184,457.03,2136,2593,833,838,0.19,176.0,2283,2459,1617,1616,Yes,LACM ENT 601978,LACM ENT 601978_had_lbs.jpg
82153188,390.4,2651,3008,1079,921,0.25,192.02,2470,2662,1727,1724,Yes,LACM ENT 601979,LACM ENT 601979_had_lbs-2.jpg
82153192,637.01,2467,3104,918,915,0.19,239.01,2603,2748,1664,1854,Yes,LACM ENT 601979,LACM ENT 601979_had_lbs.jpg
82153207,454.0,1866,2320,850,851,0.19,171.07,2237,2408,1709,1714,Yes,LACM ENT 601980,LACM ENT 601980_had_lbs-2.jpg
82153214,451.0,1506,1957,850,848,0.18,164.05,2239,2403,1710,1714,Yes,LACM ENT 601980,LACM ENT 601980_had_lbs.jpg
82153215,385.49,2120,2485,864,988,0.24,184.01,2356,2540,1662,1664,Yes,LACM ENT 601983,LACM ENT 601983_had_lbs-2.jpg
82153218,448.01,2094,2542,707,704,0.2,181.0,2360,2541,1649,1648,Yes,LACM ENT 601983,LACM ENT 601983_had_lbs.jpg
82153223,453.03,2326,2779,907,902,0.34,306.59,2404,2710,2456,2437,Yes,LACM ENT 601984,LACM ENT 601984_had_lbs-2.jpg
82153242,388.17,2427,2782,1154,1311,0.41,321.06,2393,2714,2452,2446,Yes,LACM ENT 601984,LACM ENT 601984_had_lbs.jpg
82153250,447.02,2159,2606,914,910,0.37,332.15,2487,2819,2172,2182,Yes,LACM ENT 601986,LACM ENT 601986_had_lbs-2.jpg
82153253,452.01,2162,2614,900,897,0.37,330.3,2490,2820,2174,2188,Yes,LACM ENT 601986,LACM ENT 601986_had_lbs.jpg
82153271,446.0,2289,2735,797,797,0.22,195.09,2820,3015,1643,1637,Yes,LACM ENT 601987,LACM ENT 601987_had_lbs-2.jpg
82153283,447.0,2293,2740,802,800,0.23,207.0,2820,3027,1646,1646,Yes,LACM ENT 601987,LACM ENT 601987_had_lbs.jpg
82153303,448.01,2648,3096,797,800,0.21,189.13,2824,3013,1648,1641,Yes,LACM ENT 601987had_lbs.jpg,LACM ENT 601987had_lbs.jpg
82153326,386.94,2460,2823,967,1101,0.24,182.01,2747,2929,1754,1752,Yes,LACM ENT 601991,LACM ENT 601991_had_lbs-2.jpg
82153331,269.0,2425,2694,779,779,0.19,103.08,2787,2890,1752,1748,Yes,LACM ENT 601991,LACM ENT 601991_had_lbs.jpg
82153335,447.0,2089,2536,823,823,0.19,174.03,2793,2967,1884,1881,Yes,LACM ENT 601992,LACM ENT 601992_had_lbs-2.jpg
82153353,269.01,2355,2624,814,812,0.2,108.0,2825,2933,1888,1888,Yes,LACM ENT 601992,LACM ENT 601992_had_lbs.jpg
82153354,440.0,1845,2285,769,769,0.19,169.05,2297,2466,1603,1599,Yes,LACM ENT 601993,LACM ENT 601993_had_lbs-2.jpg
82153365,444.0,2546,2990,747,746,0.11,99.05,2332,2431,1610,1613,Yes,LACM ENT 601993,LACM ENT 601993_had_lbs.jpg
82153376,448.0,2268,2716,787,785,0.18,160.01,2778,2938,1770,1768,Yes,LACM ENT 601994,LACM ENT 601994_had_lbs-2.jpg
82153381,444.0,2268,2712,823,824,0.17,155.05,2781,2936,1778,1774,Yes,LACM ENT 601994,LACM ENT 601994_had_lbs.jpg
82153403,411.46,3043,3413,936,1116,0.25,207.15,2952,3159,1893,1901,Yes,LACM ENT 601996,LACM ENT 601996_had_lbs.jpg
82153409,479.0,2295,2774,911,913,0.35,338.05,2405,2743,2238,2232,Yes,LACM ENT 601997,LACM ENT 601997_had_lbs.jpg
82153415,451.0,2460,2911,757,759,0.13,119.07,3003,3122,1854,1858,Yes,LACM ENT 601999,LACM ENT 601999_had_lbs.jpg
82153437,448.0,2160,2608,794,795,0.18,163.0,2675,2838,1737,1736,Yes,LACM ENT 602000,LACM ENT 602000_had_lbs.jpg
82153438,273.0,2668,2941,935,935,0.35,190.07,2613,2803,2226,2221,Yes,LACM ENT 602001,LACM ENT 602001_had_lbs.jpg
82153448,439.0,2170,2609,741,739,0.18,162.0,2405,2567,1574,1574,Yes,LACM ENT 602002,LACM ENT 602002_had_lbs.jpg
82153457,415.04,2932,3347,945,939,0.25,206.12,3328,3534,1773,1766,Yes,LACM ENT 602003,LACM ENT 602003_had_lbs-2.jpg
82153463,415.0,3182,3597,919,918,0.25,204.06,3330,3534,1763,1758,Yes,LACM ENT 602003,LACM ENT 602003_had_lbs.jpg
82153488,401.18,2193,2594,1064,1052,0.31,249.97,2231,2480,1688,1666,Yes,LACM ENT 602004,LACM ENT 602004_had_lbs-2.jpg
82153498,450.04,2062,2512,890,884,0.22,193.75,2371,2563,1893,1867,Yes,LACM ENT 602004,LACM ENT 602004_had_lbs.jpg
82153519,448.02,2345,2793,717,713,0.26,233.31,2848,3081,1639,1627,Yes,LACM ENT 602007,LACM ENT 602007_had_lbs-2.jpg
82153520,541.01,2264,2805,848,844,0.25,275.33,2973,3159,1567,1770,Yes,LACM ENT 602007,LACM ENT 602007_had_lbs.jpg
82153538,450.05,2093,2543,806,799,0.13,121.1,2655,2776,1835,1840,Yes,LACM ENT 602008,LACM ENT 602008_had_lbs-2.jpg
82153544,445.0,2273,2718,788,787,0.21,183.0,2613,2796,1838,1837,Yes,LACM ENT 602008,LACM ENT 602008_had_lbs.jpg
82153549,378.31,2959,3308,1087,1233,0.49,370.14,2494,2863,2338,2367,Yes,LACM ENT 602009,LACM ENT 602009_had_lbs-2.jpg
82153571,444.0,2167,2611,843,841,0.38,336.82,2501,2836,2332,2367,Yes,LACM ENT 602009,LACM ENT 602009_had_lbs.jpg
82153578,370.99,2415,2769,942,1053,0.12,90.02,2713,2803,1642,1644,Yes,LACM ENT 602010,LACM ENT 602010_had_lbs-2.jpg
82153589,441.09,2307,2748,786,795,0.17,151.0,2682,2833,1638,1638,Yes,LACM ENT 602010,LACM ENT 602010_had_lbs.jpg
82153603,454.01,1937,2391,910,907,0.21,191.13,2361,2552,1906,1899,Yes,LACM ENT 602011,LACM ENT 602011_had_lbs-2.jpg
82153604,448.04,1938,2386,926,920,0.22,195.13,2363,2558,1907,1900,Yes,LACM ENT 602011,LACM ENT 602011_had_lbs.jpg
82153622,448.0,2992,3440,681,679,0.23,206.04,3272,3478,1578,1582,Yes,LACM ENT 602012,LACM ENT 602012_had_lbs-2.jpg
82153627,453.02,2900,3353,682,678,0.15,138.0,3307,3445,1582,1583,Yes,LACM ENT 602012,LACM ENT 602012_had_lbs.jpg
82153633,412.03,2873,3285,1046,1051,0.28,231.47,3386,3542,1839,2010,Yes,LACM ENT 602014,LACM ENT 602014_had_lbs-2.jpg
82153656,274.03,3478,3752,857,861,0.27,145.88,3398,3543,1886,1902,Yes,LACM ENT 602014,LACM ENT 602014_had_lbs.jpg
82153662,269.0,2573,2842,914,915,0.35,188.04,2689,2877,2242,2246,Yes,LACM ENT 602015,LACM ENT 602015_had_lbs-2.jpg
82153668,400.78,2170,2532,1119,1291,0.24,196.04,2679,2875,2250,2254,Yes,LACM ENT 602015,LACM ENT 602015_had_lbs.jpg
82153687,450.0,1739,2189,777,777,0.19,172.82,2026,2197,2019,1994,Yes,LACM ENT 602019,LACM ENT 602019_had_lbs-2.jpg
82153688,453.01,1645,2098,758,755,0.21,193.37,2015,2208,2012,2000,Yes,LACM ENT 602019,LACM ENT 602019_had_lbs.jpg
82153707,444.0,2152,2596,802,802,0.19,170.14,2522,2692,1770,1763,Yes,LACM ENT 602020,LACM ENT 602020_had_lbs-2.jpg
82153717,444.01,2065,2509,804,801,0.21,182.27,2512,2694,1765,1755,Yes,LACM ENT 602020,LACM ENT 602020_had_lbs.jpg
82153742,455.01,3090,3545,829,826,0.24,221.18,3761,3982,1652,1643,Yes,LACM ENT 602021,LACM ENT 602021_had_lbs.jpg
82153747,442.01,1830,2272,887,884,0.22,192.04,2224,2416,1669,1665,Yes,LACM ENT 602022,LACM ENT 602022_had_lbs-2.jpg
82153769,442.03,1830,2272,900,895,0.2,180.0,2237,2417,1676,1677,Yes,LACM ENT 602022,LACM ENT 602022_had_lbs.jpg
82153770,451.0,2402,2853,704,705,0.23,203.06,2857,3060,1630,1625,Yes,LACM ENT 602024,LACM ENT 602024_had_lbs.jpg
82153773,407.0,1903,2310,789,789,0.19,155.03,2337,2492,1604,1607,Yes,LACM ENT 602025,LACM ENT 602025_had_lbs-2.jpg
82153789,410.0,1818,2228,778,780,0.12,101.0,2362,2463,1604,1605,Yes,LACM ENT 602025,LACM ENT 602025_had_lbs.jpg
82153794,393.45,2570,2929,967,1128,0.23,180.1,2850,3030,1742,1736,Yes,LACM ENT 602027,LACM ENT 602027_had_lbs-2.jpg
82153800,269.01,2336,2605,816,818,0.19,100.12,2887,2987,1731,1726,Yes,LACM ENT 602027,LACM ENT 602027_had_lbs.jpg
82153818,374.43,1835,2189,951,1073,0.21,158.0,2030,2188,1809,1810,Yes,LACM ENT 602028,LACM ENT 602028_had_lbs-2.jpg
82153828,433.0,1632,2065,811,811,0.19,162.08,2032,2194,1821,1816,Yes,LACM ENT 602028,LACM ENT 602028_had_lbs.jpg
82153833,449.01,3789,4238,728,731,0.05,45.01,4590,4589,1908,1863,Yes,LACM ENT 602032,LACM ENT 602032_had_lbs.jpg
82153847,447.0,2358,2805,783,784,0.22,198.06,2879,3077,1685,1680,Yes,LACM ENT 602033,LACM ENT 602033_had_lbs-2.jpg
82153855,448.0,2359,2807,806,804,0.23,203.3,2878,3081,1692,1681,Yes,LACM ENT 602033,LACM ENT 602033_had_lbs.jpg
82153856,274.02,2554,2828,855,858,0.34,184.13,2545,2729,2088,2095,Yes,LACM ENT 602035,LACM ENT 602035_had_lbs.jpg
82153867,413.0,1674,2087,697,698,0.21,176.0,2026,2202,1598,1599,Yes,LACM ENT 602036,LACM ENT 602036_had_lbs-2.jpg
82153878,407.01,1757,2164,665,662,0.12,96.33,2061,2157,1593,1601,Yes,LACM ENT 602036,LACM ENT 602036_had_lbs.jpg
82153882,446.0,2269,2715,812,811,0.19,169.11,2850,3019,1795,1789,Yes,LACM ENT 602037,LACM ENT 602037_had_lbs-2.jpg
82153904,444.0,2090,2534,825,823,0.19,171.11,2849,3020,1791,1785,Yes,LACM ENT 602037,LACM ENT 602037_had_lbs.jpg
82153911,439.0,2187,2626,819,817,0.19,171.11,2637,2808,1676,1670,Yes,LACM ENT 602039,LACM ENT 602039_had_lbs.jpg
82153937,447.0,2354,2801,818,817,0.2,179.0,2928,3107,1877,1876,Yes,LACM ENT 602040,LACM ENT 602040_had_lbs-2.jpg
82153954,389.46,2192,2551,961,1112,0.44,341.01,2852,3193,1960,1957,Yes,LACM ENT 602040,LACM ENT 602040_had_lbs.jpg
82153957,411.0,1571,1982,740,739,0.2,166.03,2234,2400,1605,1602,Yes,LACM ENT 602041,LACM ENT 602041_had_lbs-2.jpg
82153959,414.01,1404,1818,742,739,0.2,165.05,2233,2398,1605,1601,Yes,LACM ENT 602041,LACM ENT 602041_had_lbs.jpg
82153981,412.01,2191,2603,780,783,0.22,184.04,2258,2442,1620,1616,Yes,LACM ENT 602042,LACM ENT 602042_had_lbs-2.jpg
82153988,411.01,1862,2273,769,766,0.23,192.0,2251,2443,1623,1622,Yes,LACM ENT 602042,LACM ENT 602042_had_lbs.jpg
82154007,96.19,2334,2340,984,1080,0.56,107.23,2653,2760,1762,1755,Yes,LACM ENT 602043,LACM ENT 602043_had_lbs-2.jpg
82154018,435.03,1982,2417,845,840,0.19,165.01,2627,2792,1769,1767,Yes,LACM ENT 602043,LACM ENT 602043_had_lbs.jpg
82154028,96.02,2458,2554,813,815,0.16,30.02,2538,2568,1720,1719,Yes,LACM ENT 602044,LACM ENT 602044_had_lbs.jpg
82154040,434.0,2079,2513,847,846,0.1,87.09,2626,2713,1762,1758,Yes,LACM ENT 602045,LACM ENT 602045_had_lbs.jpg
82154041,447.0,1891,2338,806,806,0.19,166.0,2282,2448,1810,1810,Yes,LACM ENT 602048,LACM ENT 602048_had_lbs-2.jpg
82154061,270.03,2158,2428,823,819,0.32,174.0,2281,2455,1814,1815,Yes,LACM ENT 602048,LACM ENT 602048_had_lbs.jpg
82154068,448.07,2386,2834,739,747,0.25,223.89,2309,2531,1772,1801,Yes,LACM ENT 602049,LACM ENT 602049_had_lbs.jpg
82154087,448.0,1584,2032,1128,1128,0.18,159.08,2018,2177,2209,2204,Yes,LACM ENT 602050,LACM ENT 602050_had_lbs.jpg
82154098,447.0,1960,2407,814,816,0.4,358.01,2456,2814,2002,1999,Yes,LACM ENT 602051,LACM ENT 602051_had_lbs.jpg
82154104,438.04,2188,2626,773,767,0.2,172.03,2593,2765,2038,2041,Yes,LACM ENT 602054,LACM ENT 602054_had_lbs-2.jpg
82154122,447.04,1907,2354,805,799,0.1,87.09,2634,2721,2033,2029,Yes,LACM ENT 602054,LACM ENT 602054_had_lbs.jpg
82154123,264.02,1952,2216,853,850,0.35,184.13,2654,2838,1687,1680,Yes,LACM ENT 602056,LACM ENT 602056_had_lbs.jpg
82154132,580.01,1987,2567,971,967,0.33,384.37,2437,2696,1995,2279,Yes,LACM ENT 602057,LACM ENT 602057_had_lbs.jpg
82154148,439.0,1616,2055,783,782,0.21,184.1,2056,2240,1780,1786,Yes,LACM ENT 602060,LACM ENT 602060_had_lbs.jpg
82154155,440.03,1905,2345,743,738,0.21,185.02,2189,2374,1632,1629,Yes,LACM ENT 602061,LACM ENT 602061_had_lbs-2.jpg
82154177,262.01,1994,2256,747,745,0.35,184.0,2187,2371,1637,1638,Yes,LACM ENT 602061,LACM ENT 602061_had_lbs.jpg
82154184,415.0,1669,2084,690,688,0.22,184.0,2024,2208,1509,1509,Yes,LACM ENT 602062,LACM ENT 602062_had_lbs-2.jpg
82154188,301.01,1841,2142,808,806,0.3,179.82,2141,2225,1462,1621,Yes,LACM ENT 602062,LACM ENT 602062_had_lbs.jpg
82154206,437.03,2022,2459,771,766,0.2,179.04,2376,2555,1768,1764,Yes,LACM ENT 602064,LACM ENT 602064_had_lbs.jpg
82154207,268.0,2338,2606,802,801,0.36,191.0,2805,2996,1713,1712,Yes,LACM ENT 602070,LACM ENT 602070_had_lbs-2.jpg
82154217,263.0,2610,2873,810,810,0.37,193.13,2807,3000,1723,1716,Yes,LACM ENT 602070,LACM ENT 602070_had_lbs.jpg
82154230,255.26,1707,1941,758,860,0.29,145.58,1416,1561,1237,1224,Yes,LACM ENT 602073.jpg,LACM ENT 602073.jpg
82154248,261.0,2294,2555,847,846,0.22,116.0,2879,2995,2193,2192,Yes,LACM ENT 602074,LACM ENT 602074_had_lbs.jpg
82154262,414.03,1753,2167,678,673,0.19,157.11,1874,2031,1541,1547,Yes,LACM ENT 602077,LACM ENT 602077_had_lbs-2.jpg
82154266,409.01,1673,2082,696,693,0.18,150.01,1876,2026,1545,1543,Yes,LACM ENT 602077,LACM ENT 602077_had_lbs.jpg
82154289,396.43,2504,2864,1075,1241,0.26,204.01,2705,2909,2167,2165,Yes,LACM ENT 602078,LACM ENT 602078_had_lbs.jpg
82154290,395.72,2063,2430,961,1109,0.22,177.0,2255,2432,1627,1627,Yes,LACM ENT 602079,LACM ENT 602079_had_lbs-2.jpg
82154299,444.02,1966,2410,850,854,0.22,194.0,2249,2443,1625,1625,Yes,LACM ENT 602079,LACM ENT 602079_had_lbs.jpg
82154310,454.0,2224,2678,191,193,0.11,97.01,2667,2668,1140,1237,Yes,LACM ENT 602080,LACM ENT 602080_had_lbs-2.jpg
82154337,452.0,2403,2855,196,195,0.11,98.02,2677,2675,1140,1238,Yes,LACM ENT 602080,LACM ENT 602080_had_lbs.jpg
82154347,441.0,2355,2796,813,812,0.14,125.14,2548,2673,1734,1728,Yes,LACM ENT 602081,LACM ENT 602081_had_lbs.jpg
82154368,269.0,2184,2453,883,882,0.36,195.04,2468,2663,2173,2169,Yes,LACM ENT 602083,LACM ENT 602083_had_lbs.jpg
82154372,244.05,2384,2628,742,737,0.24,118.07,2657,2775,1493,1489,Yes,LACM ENT 602084,LACM ENT 602084_had_lbs-2.jpg
82154377,250.0,2301,2551,747,746,0.22,109.17,2661,2770,1489,1483,Yes,LACM ENT 602084,LACM ENT 602084_had_lbs.jpg
82154391,441.02,1773,2214,933,929,0.1,90.05,2261,2351,1943,1940,Yes,LACM ENT 602085,LACM ENT 602085_had_lbs-2.jpg
82154392,439.01,1686,2125,937,934,0.11,94.01,2262,2356,1939,1938,Yes,LACM ENT 602085,LACM ENT 602085_had_lbs.jpg
82154395,447.0,1637,2084,697,695,0.2,178.63,2020,2198,1705,1690,Yes,LACM ENT 602087,LACM ENT 602087_had_lbs.jpg
82154417,439.0,2193,2632,810,809,0.19,165.03,2622,2787,1722,1719,Yes,LACM ENT 602088,LACM ENT 602088_had_lbs.jpg
82154423,451.09,3035,3486,774,783,0.13,114.21,3577,3570,1689,1803,Yes,LACM ENT 602089,LACM ENT 602089_had_lbs.jpg
82154444,412.0,1336,1748,723,722,0.18,147.0,2186,2333,1500,1500,Yes,LACM ENT 602090,LACM ENT 602090_had_lbs-2.jpg
82154452,246.0,1749,1995,723,724,0.29,145.0,2188,2333,1505,1506,Yes,LACM ENT 602090,LACM ENT 602090_had_lbs.jpg
82154456,451.0,1726,2177,738,736,0.2,179.23,2041,2220,1966,1957,Yes,LACM ENT 602091,LACM ENT 602091_had_lbs.jpg
82154474,451.01,2047,2498,834,837,0.21,189.04,2282,2471,1921,1917,Yes,LACM ENT 602092,LACM ENT 602092_had_lbs-2.jpg
82154475,451.0,1776,2227,849,851,0.2,183.0,2284,2467,1918,1917,Yes,LACM ENT 602092,LACM ENT 602092_had_lbs.jpg
82154489,456.01,2589,3045,712,709,0.23,207.2,2850,3057,1786,1777,Yes,LACM ENT 602093,LACM ENT 602093_had_lbs.jpg
82154499,448.0,2050,2498,806,804,0.19,167.01,3027,3194,1683,1681,Yes,LACM ENT 602095,LACM ENT 602095_had_lbs-2.jpg
82154506,445.0,2323,2768,820,819,0.2,174.01,3025,3199,1690,1688,Yes,LACM ENT 602095,LACM ENT 602095_had_lbs.jpg
82154527,449.19,3956,4405,771,784,0.21,192.2,4691,4806,1708,1862,Yes,LACM ENT 602096,LACM ENT 602096_had_lbs.jpg
82154546,386.52,2705,3055,1071,1235,0.28,216.01,2786,3002,1990,1988,Yes,LACM ENT 602097,LACM ENT 602097_had_lbs-2.jpg
82154557,264.0,2314,2578,881,881,0.41,217.02,2788,3005,1986,1983,Yes,LACM ENT 602097,LACM ENT 602097_had_lbs.jpg
82154575,413.0,1817,2230,774,774,0.22,178.0,2175,2353,1537,1538,Yes,LACM ENT 602098,LACM ENT 602098_had_lbs-2.jpg
82154581,410.0,1736,2146,759,760,0.21,169.0,2175,2344,1544,1545,Yes,LACM ENT 602098,LACM ENT 602098_had_lbs.jpg
82154603,447.01,2356,2803,813,810,0.2,183.0,2849,3032,1929,1930,Yes,LACM ENT 602099,LACM ENT 602099_had_lbs-2.jpg
82154610,448.02,2362,2810,829,825,0.21,187.07,2849,3036,1937,1932,Yes,LACM ENT 602099,LACM ENT 602099_had_lbs.jpg
82154634,456.02,2282,2738,722,718,0.11,98.01,3026,3124,1802,1801,Yes,LACM ENT 602102,LACM ENT 602102_had_lbs.jpg
82154638,446.0,2075,2521,872,870,0.35,310.16,2367,2677,1981,1971,Yes,LACM ENT 602103,LACM ENT 602103_had_lbs.jpg
82154639,448.0,2278,2726,706,704,0.26,230.22,2815,3045,1563,1553,Yes,LACM ENT 602104,LACM ENT 602104_had_lbs.jpg
82154657,455.01,2316,2771,839,842,0.12,110.07,2634,2744,2078,2074,Yes,LACM ENT 602105,LACM ENT 602105_had_lbs.jpg
82154660,272.0,1881,2153,747,748,0.23,127.06,2145,2272,2167,2171,Yes,LACM ENT 602106,LACM ENT 602106_had_lbs.jpg
82154677,449.0,1901,2350,764,763,0.11,102.59,2558,2660,1976,1965,Yes,LACM ENT 602110,LACM ENT 602110_had_lbs.jpg
82154688,450.0,1774,2224,831,830,0.18,160.0,2277,2437,1772,1772,Yes,LACM ENT 602111,LACM ENT 602111_had_lbs-2.jpg
82154694,444.0,2049,2493,844,843,0.2,175.03,2277,2452,1778,1781,Yes,LACM ENT 602111,LACM ENT 602111_had_lbs.jpg
82154716,447.0,1713,2160,770,769,0.22,193.58,2034,2227,2058,2043,Yes,LACM ENT 602118,LACM ENT 602118_had_lbs.jpg
82154721,410.01,2383,2793,762,759,0.22,179.0,2300,2479,1640,1639,Yes,LACM ENT 602121,LACM ENT 602121_had_lbs-2.jpg
82154732,249.0,2463,2712,735,734,0.25,123.04,2328,2451,1651,1654,Yes,LACM ENT 602121,LACM ENT 602121_had_lbs.jpg
82154740,264.0,2219,2483,740,741,0.37,194.01,2383,2577,1692,1690,Yes,LACM ENT 602125,LACM ENT 602125_had_lbs-2.jpg
82154742,446.0,1769,2215,773,775,0.21,183.07,2390,2573,1693,1688,Yes,LACM ENT 602125,LACM ENT 602125_had_lbs.jpg
82154770,450.0,2223,2673,731,733,0.25,221.0,2780,3001,1592,1592,Yes,LACM ENT 602126,LACM ENT 602126_had_lbs.jpg
82154797,451.0,2217,2668,826,824,0.37,330.01,2604,2934,1998,1996,Yes,LACM ENT 602130,LACM ENT 602130_had_lbs.jpg
82154802,439.0,1617,2056,807,805,0.18,159.03,2078,2237,1799,1796,Yes,LACM ENT 602131,LACM ENT 602131_had_lbs-2.jpg
82154820,437.0,1706,2143,803,802,0.21,182.01,2067,2249,1809,1807,Yes,LACM ENT 602131,LACM ENT 602131_had_lbs.jpg
82154821,438.0,1618,2056,807,806,0.19,163.0,1985,2148,1708,1708,Yes,LACM ENT 602134,LACM ENT 602134_had_lbs-2.jpg
82154823,436.01,1705,2141,780,777,0.19,170.0,1979,2149,1704,1705,Yes,LACM ENT 602134,LACM ENT 602134_had_lbs.jpg
82154846,434.0,2164,2598,833,834,0.17,147.09,1977,2124,1879,1874,Yes,LACM ENT 602135,LACM ENT 602135_had_lbs-2.jpg
82154850,438.0,1635,2073,845,844,0.16,140.17,1977,2117,1873,1866,Yes,LACM ENT 602135,LACM ENT 602135_had_lbs.jpg
82154855,439.03,2008,2447,843,838,0.22,197.09,2641,2838,1757,1751,Yes,LACM ENT 602136,LACM ENT 602136_had_lbs.jpg
82154864,270.0,1980,2250,871,872,0.62,335.0,2372,2707,2036,2037,Yes,LACM ENT 602137,LACM ENT 602137_had_lbs.jpg
82154870,402.0,1903,2305,712,712,0.23,182.1,2134,2316,1712,1718,Yes,LACM ENT 602139,LACM ENT 602139_had_lbs-2.jpg
82154876,414.01,1655,2069,745,742,0.24,195.02,2132,2327,1718,1721,Yes,LACM ENT 602139,LACM ENT 602139_had_lbs.jpg
82154877,404.0,1866,2270,778,778,0.21,173.07,2252,2425,1608,1603,Yes,LACM ENT 602144,LACM ENT 602144_had_lbs-2.jpg
82154878,411.0,1780,2191,768,768,0.2,163.01,2251,2414,1596,1594,Yes,LACM ENT 602144,LACM ENT 602144_had_lbs.jpg
82154879,416.0,1645,2061,771,772,0.19,156.0,2288,2444,1617,1616,Yes,LACM ENT 602145,LACM ENT 602145_had_lbs-2.jpg
82154881,244.0,1977,2221,779,778,0.32,154.01,2290,2444,1617,1619,Yes,LACM ENT 602145,LACM ENT 602145_had_lbs.jpg
82154887,435.01,1937,2372,756,759,0.19,166.08,2479,2645,1682,1677,Yes,LACM ENT 602149,LACM ENT 602149_had_lbs-2.jpg
82154892,436.0,1935,2371,787,785,0.19,168.03,2479,2647,1683,1680,Yes,LACM ENT 602149,LACM ENT 602149_had_lbs.jpg
82154897,410.0,2470,2880,740,739,0.18,149.0,2693,2842,1698,1699,Yes,LACM ENT 602150,LACM ENT 602150_had_lbs-2.jpg
82154902,82.01,2629,2711,741,740,0.19,30.59,2752,2782,1684,1690,Yes,LACM ENT 602150,LACM ENT 602150_had_lbs.jpg
82154909,441.0,2075,2516,824,824,0.2,178.0,2840,3018,1708,1707,Yes,LACM ENT 602152,LACM ENT 602152_had_lbs-2.jpg
82154910,448.0,2249,2697,806,805,0.19,167.03,2845,3012,1711,1714,Yes,LACM ENT 602152,LACM ENT 602152_had_lbs.jpg
82154914,448.0,2113,2561,854,852,0.37,334.93,2596,2930,2003,2028,Yes,LACM ENT 602154,LACM ENT 602154_had_lbs.jpg
82154921,444.0,2074,2518,864,862,0.35,310.01,2578,2888,2275,2277,Yes,LACM ENT 602156,LACM ENT 602156_had_lbs.jpg
82154927,444.02,2253,2697,926,922,0.24,212.08,2571,2783,1805,1799,Yes,LACM ENT 602159,LACM ENT 602159_had_lbs.jpg
82154933,452.0,2644,3096,887,888,0.36,323.04,2434,2757,2440,2445,Yes,LACM ENT 602163,LACM ENT 602163_had_lbs.jpg
82154938,189.11,2112,2291,931,992,0.32,122.33,2251,2373,1775,1766,Yes,LACM ENT 602166,LACM ENT 602166_had_lbs-2.jpg
82154940,445.11,1464,1909,750,740,0.18,162.37,2221,2383,1776,1765,Yes,LACM ENT 602166,LACM ENT 602166_had_lbs.jpg
82154941,450.0,2324,2774,801,802,0.32,283.71,2379,2662,2061,2041,Yes,LACM ENT 602168,LACM ENT 602168_had_lbs.jpg
82154942,250.0,2065,2315,741,741,0.19,97.05,2181,2278,1742,1745,Yes,LACM ENT 602172,LACM ENT 602172_had_lbs-2.jpg
82154946,414.0,1738,2152,752,751,0.2,166.0,2148,2314,1747,1747,Yes,LACM ENT 602172,LACM ENT 602172_had_lbs.jpg
82154951,445.01,1616,2061,792,789,0.17,155.03,2088,2243,1782,1779,Yes,LACM ENT 602173,LACM ENT 602173_had_lbs.jpg
82154957,451.0,2286,2737,917,916,0.36,327.01,2445,2772,2350,2352,Yes,LACM ENT 602175,LACM ENT 602175_had_lbs.jpg
82154961,447.0,2357,2804,795,795,0.2,177.0,2803,2980,1791,1792,Yes,LACM ENT 602177,LACM ENT 602177_had_lbs.jpg
82154967,443.01,2923,3366,1225,1222,0.06,52.01,3774,3773,2480,2428,Yes,LACM ENT 602180,LACM ENT 602180_had_lbs-2.jpg
82154972,453.0,3011,3464,1195,1194,0.03,28.07,3776,3774,2433,2461,Yes,LACM ENT 602180,LACM ENT 602180_had_lbs.jpg
82154973,267.0,2408,2675,837,837,0.36,192.04,2087,2279,1777,1773,Yes,LACM ENT 602183,LACM ENT 602183_had_lbs-2.jpg
82154974,272.0,2406,2678,859,859,0.22,119.04,2126,2245,1769,1772,Yes,LACM ENT 602183,LACM ENT 602183_had_lbs.jpg
82154975,324.0,2224,2548,659,658,0.18,119.02,2637,2756,1471,1469,Yes,LACM ENT 602185,LACM ENT 602185_had_lbs.jpg
82154978,269.0,1687,1956,857,856,0.17,94.02,2279,2373,1843,1841,Yes,LACM ENT 602186,LACM ENT 602186_had_lbs-2.jpg
82154984,452.0,1954,2406,848,848,0.17,154.0,2247,2401,1855,1854,Yes,LACM ENT 602186,LACM ENT 602186_had_lbs.jpg
82154995,448.0,1954,2402,831,829,0.2,182.13,2248,2430,1753,1746,Yes,LACM ENT 602190,LACM ENT 602190_had_lbs-2.jpg
82155004,452.0,1686,2138,801,802,0.23,211.52,2262,2416,1708,1853,Yes,LACM ENT 602190,LACM ENT 602190_had_lbs.jpg
82155005,272.02,2403,2675,841,838,0.36,197.06,2548,2745,1883,1888,Yes,LACM ENT 602195,LACM ENT 602195_had_lbs.jpg
82155006,443.0,2175,2618,782,781,0.21,183.02,2926,3109,1713,1710,Yes,LACM ENT 602198,LACM ENT 602198_had_lbs-2.jpg
82155013,389.03,2508,2869,958,1103,0.23,181.01,2928,3109,1710,1708,Yes,LACM ENT 602198,LACM ENT 602198_had_lbs.jpg
82155019,246.03,2064,2310,766,770,0.2,97.0,2412,2509,1651,1651,Yes,LACM ENT 602200,LACM ENT 602200_had_lbs.jpg
82155024,264.0,1781,2045,842,843,0.22,115.04,2119,2234,1767,1764,Yes,LACM ENT 602203,LACM ENT 602203_had_lbs.jpg
82155029,446.0,2118,2564,821,820,0.38,341.01,2536,2877,1750,1748,Yes,LACM ENT 602204,LACM ENT 602204_had_lbs.jpg
82155035,440.0,2107,2547,766,766,0.21,182.0,2373,2555,1588,1587,Yes,LACM ENT 602205,LACM ENT 602205_had_lbs.jpg
82155036,375.13,2139,2500,989,1091,0.27,199.0,2122,2321,1827,1826,Yes,LACM ENT 602207,LACM ENT 602207_had_lbs-2.jpg
82155037,446.0,1867,2313,841,839,0.22,195.01,2126,2321,1831,1829,Yes,LACM ENT 602207,LACM ENT 602207_had_lbs.jpg
82155039,447.0,2159,2606,801,801,0.2,183.0,2828,3011,1811,1811,Yes,LACM ENT 602208,LACM ENT 602208_had_lbs-2.jpg
82155044,445.0,2338,2783,763,762,0.22,196.02,2821,3017,1798,1801,Yes,LACM ENT 602208,LACM ENT 602208_had_lbs.jpg
82155050,408.0,1537,1945,736,735,0.22,182.04,1793,1975,1577,1581,Yes,LACM ENT 602210,LACM ENT 602210_had_lbs-2.jpg
82155056,408.03,1620,2028,722,727,0.23,191.09,1793,1984,1579,1585,Yes,LACM ENT 602210,LACM ENT 602210_had_lbs.jpg
82155062,451.0,2035,2486,757,758,0.2,180.0,2480,2660,1536,1536,Yes,LACM ENT 602216,LACM ENT 602216_had_lbs.jpg
82155068,453.09,1760,2213,544,553,0.22,196.16,2212,2408,1533,1541,Yes,LACM ENT 602217,LACM ENT 602217_had_lbs.jpg
82155069,396.69,2499,2865,1063,1216,0.24,191.01,2635,2826,2121,2119,Yes,LACM ENT 602220,LACM ENT 602220_had_lbs.jpg
82155070,454.0,1775,2229,836,838,0.18,162.0,2256,2418,1893,1892,Yes,LACM ENT 602221,LACM ENT 602221_had_lbs-2.jpg
82155076,453.0,1955,2408,859,861,0.18,163.0,2256,2419,1893,1893,Yes,LACM ENT 602221,LACM ENT 602221_had_lbs.jpg
82155085,271.0,2376,2647,890,889,0.36,192.75,2536,2728,2131,2148,Yes,LACM ENT 602223,LACM ENT 602223_had_lbs.jpg
82155091,392.24,2443,2812,1058,1191,0.42,326.01,2600,2926,1816,1818,Yes,LACM ENT 602226,LACM ENT 602226_had_lbs.jpg
82155097,450.0,2049,2499,828,828,0.19,174.05,2600,2774,1723,1719,Yes,LACM ENT 602229,LACM ENT 602229_had_lbs.jpg
82155099,394.32,2505,2868,1125,971,0.26,207.01,2702,2909,1864,1862,Yes,LACM ENT 602230,LACM ENT 602230_had_lbs-2.jpg
82155100,445.01,2249,2694,806,809,0.2,180.01,2717,2897,1791,1793,Yes,LACM ENT 602230,LACM ENT 602230_had_lbs.jpg
82155101,274.73,2004,2278,1291,1311,0.37,201.14,2667,2817,1967,2101,Yes,LACM ENT 602231,LACM ENT 602231_had_lbs-2.jpg
82155104,450.0,2175,2625,796,795,0.21,190.0,2614,2804,1827,1827,Yes,LACM ENT 602231,LACM ENT 602231_had_lbs.jpg
82155110,445.0,2958,3403,171,171,0.22,192.31,3278,3470,1234,1223,Yes,LACM ENT 602233,LACM ENT 602233_had_lbs.jpg
82155118,411.0,1849,2260,777,776,0.21,169.07,2177,2346,1697,1692,Yes,LACM ENT 602235,LACM ENT 602235_had_lbs-2.jpg
82155123,245.0,2178,2423,775,775,0.21,104.02,2208,2312,1694,1692,Yes,LACM ENT 602235,LACM ENT 602235_had_lbs.jpg
82155129,439.0,2005,2444,888,886,0.2,175.0,2175,2350,1801,1801,Yes,LACM ENT 602238,LACM ENT 602238_had_lbs-2.jpg
82155132,438.0,1918,2356,880,879,0.2,172.03,2176,2348,1800,1797,Yes,LACM ENT 602238,LACM ENT 602238_had_lbs.jpg
82155133,385.32,2279,2636,1237,1092,0.45,344.05,2475,2819,2221,2227,Yes,LACM ENT 602239,LACM ENT 602239_had_lbs.jpg
82155134,339.86,2260,2588,923,1012,0.25,173.0,2752,2925,1593,1593,Yes,LACM ENT 602240,LACM ENT 602240_had_lbs-2.jpg
82155141,416.0,2380,2796,740,740,0.2,164.11,2748,2912,1595,1589,Yes,LACM ENT 602240,LACM ENT 602240_had_lbs.jpg
82155147,445.01,1902,2347,969,966,0.22,195.01,1919,2114,2031,2033,Yes,LACM ENT 602241,LACM ENT 602241_had_lbs.jpg
82155155,449.0,2315,2764,718,718,0.22,202.0,2981,3183,1785,1786,Yes,LACM ENT 602242,LACM ENT 602242_had_lbs.jpg
82155163,447.0,2071,2518,632,630,0.35,316.0,2426,2742,1814,1813,Yes,LACM ENT 602244,LACM ENT 602244_had_lbs.jpg
82155165,411.0,1816,2227,773,774,0.21,174.0,2199,2373,1620,1620,Yes,LACM ENT 602246,LACM ENT 602246_had_lbs-2.jpg
82155173,410.0,1817,2227,774,773,0.22,179.03,2196,2375,1633,1630,Yes,LACM ENT 602246,LACM ENT 602246_had_lbs.jpg
82155181,444.03,2277,2721,827,822,0.21,189.04,2793,2982,1739,1743,Yes,LACM ENT 602247,LACM ENT 602247_had_lbs-2.jpg
82155186,448.01,2360,2808,815,812,0.19,167.0,2803,2970,1744,1745,Yes,LACM ENT 602247,LACM ENT 602247_had_lbs.jpg
82155190,385.16,2658,3014,974,1121,0.22,171.0,2533,2704,1786,1786,Yes,LACM ENT 602248,LACM ENT 602248_had_lbs-2.jpg
82155193,435.03,2019,2454,831,826,0.19,168.0,2536,2704,1786,1786,Yes,LACM ENT 602248,LACM ENT 602248_had_lbs.jpg
82155195,438.0,2196,2634,805,805,0.18,160.11,2596,2756,1759,1765,Yes,LACM ENT 602249,LACM ENT 602249_had_lbs-2.jpg
82155196,264.01,2547,2811,817,815,0.29,154.08,2595,2749,1759,1764,Yes,LACM ENT 602249,LACM ENT 602249_had_lbs.jpg
82155197,449.0,2427,2876,807,805,0.2,177.03,2820,2997,1858,1855,Yes,LACM ENT 602251,LACM ENT 602251_had_lbs-2.jpg
82155198,390.51,2577,2935,957,1113,0.25,193.0,2811,3004,1854,1853,Yes,LACM ENT 602251,LACM ENT 602251_had_lbs.jpg
82155203,448.0,2337,2785,824,822,0.19,168.03,2766,2934,1693,1690,Yes,LACM ENT 602252,LACM ENT 602252_had_lbs-2.jpg
82155209,268.0,2250,2518,782,782,0.2,105.04,2797,2902,1690,1687,Yes,LACM ENT 602252,LACM ENT 602252_had_lbs.jpg
82155213,444.0,2169,2613,856,854,0.38,333.02,2433,2766,1775,1779,Yes,LACM ENT 602253,LACM ENT 602253_had_lbs.jpg
82155219,434.0,2378,2812,779,779,0.18,154.05,2231,2385,1771,1767,Yes,LACM ENT 602254,LACM ENT 602254_had_lbs-2.jpg
82155225,418.48,2222,2622,1071,948,0.34,280.86,2207,2277,1705,1977,Yes,LACM ENT 602254,LACM ENT 602254_had_lbs.jpg
82155228,448.0,2340,2788,883,884,0.36,324.01,2552,2876,2123,2121,Yes,LACM ENT 602255,LACM ENT 602255_had_lbs.jpg
82155229,442.0,2266,2708,824,823,0.21,182.13,2888,3070,1828,1821,Yes,LACM ENT 602256,LACM ENT 602256_had_lbs-2.jpg
82155230,450.0,2265,2715,806,804,0.19,173.18,2889,3062,1820,1812,Yes,LACM ENT 602256,LACM ENT 602256_had_lbs.jpg
82155238,407.0,1595,2002,656,656,0.11,86.05,1737,1823,1687,1684,No,LACM ENT 602257,LACM ENT 602257_had_lbs-2.jpg
82155246,403.0,1433,1836,679,678,0.2,161.11,1703,1864,1699,1693,Yes,LACM ENT 602257,LACM ENT 602257_had_lbs.jpg
82155252,443.0,2113,2556,1093,1094,0.38,341.04,2362,2703,2117,2112,Yes,LACM ENT 602258,LACM ENT 602258_had_lbs.jpg
82155257,451.0,2290,2741,936,935,0.38,342.47,2754,3096,2200,2182,Yes,LACM ENT 602259,LACM ENT 602259_had_lbs.jpg
82155259,411.0,1630,2041,812,813,0.22,182.04,1783,1965,1780,1776,Yes,LACM ENT 602264,LACM ENT 602264_had_lbs-2.jpg
82155260,251.01,1547,1798,821,819,0.39,194.01,1779,1973,1778,1776,Yes,LACM ENT 602264,LACM ENT 602264_had_lbs.jpg
82155262,444.0,2359,2803,821,820,0.24,212.04,2651,2863,1685,1681,Yes,LACM ENT 602265,LACM ENT 602265_had_lbs-2.jpg
82155268,388.93,2467,2825,925,1077,0.26,205.09,2649,2854,1681,1675,Yes,LACM ENT 602265,LACM ENT 602265_had_lbs.jpg
82155275,445.0,1869,2314,835,834,0.23,203.04,2114,2317,1731,1727,Yes,LACM ENT 602266,LACM ENT 602266_had_lbs-2.jpg
82155282,282.01,2494,2776,839,841,0.34,191.07,2127,2318,1730,1725,Yes,LACM ENT 602266,LACM ENT 602266_had_lbs.jpg
82155288,445.02,1978,2423,842,838,0.21,186.02,2091,2277,1911,1908,Yes,LACM ENT 602268,LACM ENT 602268_had_lbs.jpg
82155290,386.52,2085,2449,1030,1160,0.25,197.0,2236,2433,1977,1977,Yes,LACM ENT 602269,LACM ENT 602269_had_lbs-2.jpg
82155291,451.0,1863,2314,847,846,0.19,173.0,2248,2421,1981,1981,Yes,LACM ENT 602269,LACM ENT 602269_had_lbs.jpg
82155292,444.01,2248,2692,802,799,0.22,194.37,2771,2965,1818,1806,Yes,LACM ENT 602271,LACM ENT 602271_had_lbs-2.jpg
82155296,450.01,2697,3147,821,818,0.21,191.07,2774,2965,1817,1812,Yes,LACM ENT 602271,LACM ENT 602271_had_lbs.jpg
82155302,270.0,2667,2937,717,716,0.38,203.0,3024,3227,1716,1715,Yes,LACM ENT 602272,LACM ENT 602272_had_lbs.jpg
82155312,439.0,1827,2266,888,886,0.11,97.0,2255,2352,1907,1907,Yes,LACM ENT 602273,LACM ENT 602273_had_lbs-2.jpg
82155321,437.0,1915,2352,890,891,0.19,164.05,2223,2387,1907,1911,Yes,LACM ENT 602273,LACM ENT 602273_had_lbs.jpg
82155322,418.0,2370,2788,817,816,0.2,164.01,2740,2904,1981,1979,Yes,LACM ENT 602274,LACM ENT 602274_had_lbs.jpg
82155324,455.04,1938,2393,726,732,0.24,221.08,2674,2895,1523,1517,Yes,LACM ENT 602275,LACM ENT 602275_had_lbs.jpg
82155333,267.03,2452,2719,1084,1080,0.25,134.13,2774,2908,2035,2041,Yes,LACM ENT 602279,LACM ENT 602279_had_lbs.jpg
82155340,171.0,1935,2106,503,503,0.23,78.06,1673,1751,1350,1353,Yes,LACM ENT 602281.jpg,LACM ENT 602281.jpg
82155350,264.02,2491,2755,814,811,0.17,88.09,2867,2955,1646,1650,Yes,LACM ENT 602282,LACM ENT 602282_had_lbs-2.jpg
82155352,439.01,2141,2580,796,793,0.12,102.08,2862,2964,1641,1645,Yes,LACM ENT 602282,LACM ENT 602282_had_lbs.jpg
82155353,408.03,2348,2756,787,782,0.25,204.09,3157,3361,2196,2202,Yes,LACM ENT 602283,LACM ENT 602283_had_lbs.jpg
82155354,268.02,1959,2227,837,840,0.21,115.0,2256,2371,1705,1705,Yes,LACM ENT 602284,LACM ENT 602284_had_lbs-2.jpg
82155361,267.0,1958,2225,858,858,0.34,180.0,2223,2403,1705,1705,Yes,LACM ENT 602284,LACM ENT 602284_had_lbs.jpg
82155368,382.41,2572,2932,968,1097,0.25,194.04,2813,3007,1832,1828,Yes,LACM ENT 602285,LACM ENT 602285_had_lbs-2.jpg
82155375,445.0,2069,2514,806,806,0.2,180.07,2821,3001,1832,1827,Yes,LACM ENT 602285,LACM ENT 602285_had_lbs.jpg
82155381,361.88,2128,2460,964,1108,0.15,105.17,2701,2806,1998,2004,Yes,LACM ENT 602287,LACM ENT 602287_had_lbs.jpg
82155384,438.0,2192,2630,835,836,0.17,153.01,2646,2799,1803,1801,Yes,LACM ENT 602288,LACM ENT 602288_had_lbs.jpg
82155385,357.47,2007,2338,890,1025,0.22,159.0,2091,2250,1699,1698,Yes,LACM ENT 602291,LACM ENT 602291_had_lbs-2.jpg
82155391,408.02,1986,2394,752,748,0.19,154.01,2090,2244,1696,1698,Yes,LACM ENT 602291,LACM ENT 602291_had_lbs.jpg
82155402,404.35,2491,2856,940,1114,0.23,185.01,2814,2999,1680,1682,Yes,LACM ENT 602293,LACM ENT 602293_had_lbs-2.jpg
82155409,405.63,2497,2859,946,1129,0.25,205.0,2803,3008,1675,1676,Yes,LACM ENT 602293,LACM ENT 602293_had_lbs.jpg
82155414,239.4,1832,2060,771,844,0.3,143.14,1606,1748,1373,1355,Yes,LACM ENT 602295.jpg,LACM ENT 602295.jpg
82155415,266.0,2095,2361,894,894,0.59,315.13,2492,2807,2110,2101,Yes,LACM ENT 602296,LACM ENT 602296_had_lbs-2.jpg
82155418,451.0,2094,2545,887,886,0.37,337.01,2482,2819,2109,2106,Yes,LACM ENT 602296,LACM ENT 602296_had_lbs.jpg
82155426,444.03,2048,2492,827,822,0.39,343.05,2347,2690,2104,2110,Yes,LACM ENT 602297,LACM ENT 602297_had_lbs.jpg
82155434,449.0,2035,2484,748,750,0.22,195.0,2346,2541,1748,1749,Yes,LACM ENT 602299,LACM ENT 602299_had_lbs-2.jpg
82155442,233.17,2238,2419,894,1041,0.42,195.21,2349,2544,1747,1756,Yes,LACM ENT 602299,LACM ENT 602299_had_lbs.jpg
82155444,367.83,2051,2402,930,1040,0.22,165.0,2371,2536,1763,1763,Yes,LACM ENT 602300,LACM ENT 602300_had_lbs-2.jpg
82155445,246.27,2589,2770,937,1104,0.24,117.07,2395,2512,1758,1754,Yes,LACM ENT 602300,LACM ENT 602300_had_lbs.jpg
82155447,439.0,2020,2459,781,783,0.18,159.03,2910,3069,2158,2155,Yes,LACM ENT 602302,LACM ENT 602302_had_lbs-2.jpg
82155453,436.0,2025,2461,764,762,0.2,174.0,2341,2515,1676,1675,Yes,LACM ENT 602302,LACM ENT 602302_had_lbs.jpg
82155461,438.01,2093,2531,842,839,0.18,162.0,2398,2560,1666,1665,Yes,LACM ENT 602303,LACM ENT 602303_had_lbs-2.jpg
82155467,442.0,2090,2532,842,840,0.17,150.01,2406,2556,1668,1670,Yes,LACM ENT 602303,LACM ENT 602303_had_lbs.jpg
82155475,438.0,2259,2697,798,798,0.18,157.01,2623,2780,1701,1699,Yes,LACM ENT 602305,LACM ENT 602305_had_lbs-2.jpg
82155476,441.0,2345,2786,796,795,0.17,146.03,2633,2779,1698,1695,Yes,LACM ENT 602305,LACM ENT 602305_had_lbs.jpg
82155478,427.07,2620,2993,880,1088,0.25,214.06,2854,3068,1822,1817,Yes,LACM ENT 602307,LACM ENT 602307_had_lbs.jpg
82155486,388.15,2649,3007,1074,1224,0.31,241.01,2806,3046,2221,2199,Yes,LACM ENT 602310,LACM ENT 602310_had_lbs.jpg
82155491,430.0,1811,2241,937,937,0.19,167.11,2260,2427,1873,1867,Yes,LACM ENT 602311,LACM ENT 602311_had_lbs-2.jpg
82155497,372.54,1930,2282,1075,1197,0.22,163.03,2260,2423,1861,1858,Yes,LACM ENT 602311,LACM ENT 602311_had_lbs.jpg
82155503,269.0,2269,2538,800,799,0.19,102.24,2689,2791,1748,1741,Yes,LACM ENT 602312,LACM ENT 602312_had_lbs-2.jpg
82155506,269.0,2269,2538,786,785,0.33,179.55,2652,2831,1757,1743,Yes,LACM ENT 602312,LACM ENT 602312_had_lbs.jpg
82155507,443.0,2152,2595,779,780,0.11,98.08,2659,2757,1778,1782,Yes,LACM ENT 602313,LACM ENT 602313_had_lbs-2.jpg
82155508,441.0,2214,2655,791,792,0.11,100.08,2662,2762,1786,1782,Yes,LACM ENT 602313,LACM ENT 602313_had_lbs.jpg
82155510,367.63,2259,2604,989,1116,0.22,162.89,2703,2805,1723,1850,Yes,LACM ENT 602316,LACM ENT 602316_had_lbs.jpg
82155516,406.0,2247,2653,915,915,0.22,181.33,2769,2950,2019,2008,Yes,LACM ENT 602317,LACM ENT 602317_had_lbs.jpg
82155522,446.0,2242,2688,841,840,0.34,305.24,2581,2886,2026,2014,Yes,LACM ENT 602318,LACM ENT 602318_had_lbs.jpg
82155526,409.04,1457,1866,737,731,0.19,154.0,1877,2031,1570,1571,Yes,LACM ENT 602320,LACM ENT 602320_had_lbs-2.jpg
82155531,350.8,1732,2059,992,865,0.24,171.0,1866,2037,1588,1589,Yes,LACM ENT 602320,LACM ENT 602320_had_lbs.jpg
82155537,438.01,2099,2537,853,856,0.2,174.01,2642,2816,1720,1722,Yes,LACM ENT 602321,LACM ENT 602321_had_lbs.jpg
82155539,449.19,1598,2047,823,810,0.23,204.01,1884,2088,1856,1858,Yes,LACM ENT 602322,LACM ENT 602322_had_lbs.jpg
82155540,436.0,1904,2340,897,896,0.18,158.01,2156,2314,1814,1816,Yes,LACM ENT 602323,LACM ENT 602323_had_lbs.jpg
82155541,437.0,1585,2022,831,831,0.18,160.01,2132,2292,1922,1924,Yes,LACM ENT 602324,LACM ENT 602324_had_lbs.jpg
82155545,446.0,2488,2934,707,708,0.26,230.03,2809,3039,1623,1627,Yes,LACM ENT 602325,LACM ENT 602325_had_lbs.jpg
82155554,444.0,2123,2567,860,861,0.4,358.05,2643,3001,1712,1706,Yes,LACM ENT 602326,LACM ENT 602326_had_lbs.jpg
82155563,446.0,2300,2746,783,784,0.23,201.01,2963,3164,1864,1862,Yes,LACM ENT 602327,LACM ENT 602327_had_lbs-2.jpg
82155570,449.0,2476,2925,683,684,0.21,186.1,2971,3157,1872,1866,Yes,LACM ENT 602327,LACM ENT 602327_had_lbs.jpg
82155571,136.0,1602,1738,465,465,0.6,163.11,1176,1339,1178,1172,Yes,LACM ENT 602328.jpg,LACM ENT 602328.jpg
82155572,448.04,3341,3789,658,664,0.25,222.32,4213,4181,1692,1912,Yes,LACM ENT 602331,LACM ENT 602331_had_lbs-2.jpg
82155573,447.04,3252,3699,666,672,0.15,136.19,4201,4183,1735,1870,Yes,LACM ENT 602331,LACM ENT 602331_had_lbs.jpg
82155577,456.0,2440,2896,728,727,0.23,213.0,2970,3183,1548,1547,Yes,LACM ENT 602332,LACM ENT 602332_had_lbs.jpg
82155583,446.01,2285,2731,729,726,0.23,203.01,2822,3025,1629,1631,Yes,LACM ENT 602334,LACM ENT 602334_had_lbs.jpg
82155587,443.0,1895,2338,830,830,0.35,309.23,2535,2844,2258,2270,Yes,LACM ENT 602336,LACM ENT 602336_had_lbs.jpg
82155592,449.0,2324,2773,909,908,0.24,219.11,2831,3050,1969,1962,Yes,LACM ENT 602337,LACM ENT 602337_had_lbs.jpg
82155599,447.0,2022,2469,826,824,0.24,213.02,2418,2631,2116,2119,Yes,LACM ENT 602340,LACM ENT 602340_had_lbs.jpg
82155603,430.78,2785,3160,859,1071,0.33,281.11,2816,3036,1562,1737,Yes,LACM ENT 602343,LACM ENT 602343_had_lbs.jpg
82155604,415.0,2465,2880,862,862,0.21,177.0,3169,3346,2037,2036,Yes,LACM ENT 602344,LACM ENT 602344_had_lbs.jpg
82155622,380.14,1500,1859,943,1068,0.18,136.18,2160,2296,1716,1709,Yes,LACM ENT 602345,LACM ENT 602345_had_lbs-2.jpg
82155648,442.0,1623,2065,787,787,0.16,139.23,2159,2298,1727,1719,Yes,LACM ENT 602345,LACM ENT 602345_had_lbs.jpg
82155671,454.02,2217,2671,681,685,0.11,102.0,2566,2668,2115,2114,Yes,LACM ENT 602346,LACM ENT 602346_had_lbs.jpg
82155678,411.0,2137,2548,742,743,0.2,163.01,2733,2896,1560,1558,Yes,LACM ENT 602348,LACM ENT 602348_had_lbs-2.jpg
82155684,413.0,2384,2797,754,752,0.21,172.0,2732,2904,1564,1563,Yes,LACM ENT 602348,LACM ENT 602348_had_lbs.jpg
82155708,445.0,1881,2326,505,504,0.24,213.41,2222,2432,1690,1652,Yes,LACM ENT 602349,LACM ENT 602349_had_lbs-2.jpg
82155728,448.0,1878,2326,493,493,0.12,108.06,2274,2380,1676,1655,Yes,LACM ENT 602349,LACM ENT 602349_had_lbs.jpg
82155735,369.09,2236,2588,917,1028,0.19,140.17,2679,2819,1619,1626,Yes,LACM ENT 602350,LACM ENT 602350_had_lbs-2.jpg
82155751,442.02,2658,3100,784,788,0.14,128.0,2681,2809,1623,1624,Yes,LACM ENT 602350,LACM ENT 602350_had_lbs.jpg
82155757,448.01,2016,2464,950,947,0.21,188.27,2481,2669,2187,2177,Yes,LACM ENT 602401,LACM ENT 602401_had_lbs.jpg
82155768,451.0,2351,2802,776,776,0.2,183.61,2692,2875,1484,1499,Yes,LACM ENT 602447,LACM ENT 602447_had_lbs.jpg
82155787,451.01,2380,2831,874,871,0.23,204.06,2641,2845,2164,2169,Yes,LACM ENT 602510,LACM ENT 602510_had_lbs.jpg
82155806,441.0,1980,2421,837,838,0.11,96.02,2483,2579,1769,1771,Yes,LACM ENT 602515,LACM ENT 602515_had_lbs-2.jpg
82155811,265.0,2157,2422,836,836,0.2,108.02,2480,2588,1765,1767,Yes,LACM ENT 602515,LACM ENT 602515_had_lbs.jpg
82155812,438.0,2183,2621,838,836,0.6,524.53,2530,3053,1887,1927,Yes,LACM ENT 602516,LACM ENT 602516_had_lbs.jpg
82155824,611.01,2042,2653,1208,1204,0.28,347.2,2480,2724,1634,1881,Yes,LACM ENT 602517,LACM ENT 602517_had_lbs.jpg
82155837,412.0,1738,2150,765,763,0.18,149.05,2124,2273,1621,1625,Yes,LACM ENT 602526,LACM ENT 602526_had_lbs-2.jpg
82155842,469.01,1819,2288,1041,1038,0.21,197.87,2198,2321,1568,1723,Yes,LACM ENT 602526,LACM ENT 602526_had_lbs.jpg
82155864,455.0,3602,4057,781,783,0.22,198.12,4226,4424,1770,1763,Yes,LACM ENT 602530,LACM ENT 602530_had_lbs.jpg
82155870,270.03,2556,2826,905,901,0.64,343.0,2613,2956,2196,2197,Yes,LACM ENT 602531,LACM ENT 602531_had_lbs.jpg
82155875,401.04,2174,2575,887,881,0.35,282.64,2734,3016,1637,1618,Yes,LACM ENT 602539,LACM ENT 602539_had_lbs.jpg
82155894,449.01,2377,2826,886,883,0.3,269.07,2480,2749,1968,1974,Yes,LACM ENT 602541,LACM ENT 602541_had_lbs.jpg
82155895,272.0,2605,2877,970,969,0.23,125.0,2618,2743,1758,1758,Yes,LACM ENT 602547,LACM ENT 602547_had_lbs.jpg
82155913,90.01,2265,2355,880,881,1.77,318.08,2300,2618,2128,2121,Yes,LACM ENT 602548,LACM ENT 602548_had_lbs.jpg
82155933,454.0,2132,2586,851,850,0.23,208.0,2462,2670,1925,1925,Yes,LACM ENT 602551,LACM ENT 602551_had_lbs.jpg
82155944,435.07,2311,2746,639,647,0.37,318.42,2725,3042,1621,1591,Yes,LACM ENT 602554,LACM ENT 602554_had_lbs.jpg
82155949,436.0,2274,2710,794,792,0.66,578.78,2367,2945,1921,1891,Yes,LACM ENT 602557,LACM ENT 602557_had_lbs.jpg
82155967,441.0,1797,2238,980,981,0.15,129.1,2216,2345,1712,1707,Yes,LACM ENT 602558,LACM ENT 602558_had_lbs.jpg
82155976,491.96,2306,2707,899,1184,0.37,362.03,2331,2693,1738,1733,Yes,LACM ENT 602559,LACM ENT 602559_had_lbs.jpg
82155977,450.0,2379,2829,855,854,0.22,202.02,2645,2847,2088,2091,Yes,LACM ENT 602560,LACM ENT 602560_had_lbs.jpg
82155978,463.42,2088,2488,1100,1334,0.44,409.0,2235,2644,2153,2153,Yes,LACM ENT 602562,LACM ENT 602562_had_lbs.jpg
82155999,439.0,2158,2597,884,883,0.67,589.17,2409,2998,1687,1701,Yes,LACM ENT 602566,LACM ENT 602566_had_lbs.jpg
82156005,442.0,2238,2680,852,850,0.2,179.81,2359,2538,1684,1667,Yes,LACM ENT 602567,LACM ENT 602567_had_lbs.jpg
82156023,440.0,2035,2475,840,842,0.64,565.49,2819,3383,1692,1651,Yes,LACM ENT 602568,LACM ENT 602568_had_lbs.jpg
82156031,447.0,2135,2582,868,868,0.24,215.06,2143,2358,2072,2077,Yes,LACM ENT 602569,LACM ENT 602569_had_lbs.jpg
82156037,440.0,1847,2287,886,885,0.32,278.58,2082,2360,1626,1608,Yes,LACM ENT 602572,LACM ENT 602572_had_lbs.jpg
82156055,270.02,2363,2633,990,993,0.35,189.38,2571,2760,1862,1850,Yes,LACM ENT 602573,LACM ENT 602573_had_lbs.jpg
82156061,439.0,2671,3110,803,804,0.38,335.6,3075,3410,1499,1479,Yes,LACM ENT 602574,LACM ENT 602574_had_lbs.jpg
82156062,415.0,2237,2652,819,818,0.38,315.56,2472,2781,1836,1772,Yes,LACM ENT 602575,LACM ENT 602575_had_lbs.jpg
82156079,412.0,2320,2732,864,865,0.41,341.04,2428,2769,1749,1744,Yes,LACM ENT 602580,LACM ENT 602580_had_lbs.jpg
82156087,438.0,2010,2448,841,840,0.38,336.48,2450,2786,1828,1810,Yes,LACM ENT 602582,LACM ENT 602582_had_lbs.jpg
82156114,416.88,2653,3002,1022,1250,0.7,586.88,2502,3087,1894,1941,Yes,LACM ENT 602585,LACM ENT 602585_had_lbs.jpg
82156131,441.01,1690,2131,864,861,0.68,601.0,2094,2695,2176,2175,Yes,LACM ENT 602586,LACM ENT 602586_had_lbs.jpg
82156143,439.0,2035,2474,948,947,0.26,230.26,2415,2645,1617,1606,Yes,LACM ENT 602589,LACM ENT 602589_had_lbs.jpg
82156144,434.02,2316,2750,855,851,0.66,576.03,2302,2878,2008,2002,Yes,LACM ENT 602591,LACM ENT 602591_had_lbs.jpg
82156162,371.57,2915,3275,963,1055,0.3,223.0,3095,3318,1792,1792,Yes,LACM ENT 602596,LACM ENT 602596_had_lbs.jpg
82156163,443.09,1841,2283,749,718,0.24,214.0,2178,2392,1719,1719,Yes,LACM ENT 602600,LACM ENT 602600_had_lbs.jpg
82156166,446.0,2024,2470,848,849,0.39,348.0,2291,2639,1774,1773,Yes,LACM ENT 602602,LACM ENT 602602_had_lbs.jpg
82156188,442.0,2251,2693,872,871,0.37,328.01,2197,2525,2040,2043,Yes,LACM ENT 602603,LACM ENT 602603_had_lbs.jpg
82156194,441.0,2258,2699,924,924,0.4,356.11,2835,3191,1889,1880,Yes,LACM ENT 602605,LACM ENT 602605_had_lbs.jpg
82156200,272.44,2436,2621,1007,1207,0.64,349.01,2340,2689,1940,1937,Yes,LACM ENT 602606,LACM ENT 602606_had_lbs.jpg
82156223,441.0,2154,2595,852,851,0.7,618.21,2151,2769,2015,1999,Yes,LACM ENT 602609,LACM ENT 602609_had_lbs.jpg
82156227,441.0,2265,2706,869,869,0.35,309.06,2446,2755,2251,2245,Yes,LACM ENT 602610,LACM ENT 602610_had_lbs.jpg
82156233,492.0,1855,2347,927,926,0.42,417.0,2136,2553,2012,2011,Yes,LACM ENT 602614,LACM ENT 602614_had_lbs.jpg
82156246,413.0,2348,2761,856,854,0.39,325.15,2613,2938,1917,1927,Yes,LACM ENT 602616,LACM ENT 602616_had_lbs.jpg
82156247,414.0,2485,2899,773,773,0.4,332.05,2385,2717,1649,1643,Yes,LACM ENT 602618,LACM ENT 602618_had_lbs.jpg
82156251,411.0,2150,2561,806,805,0.38,310.04,2492,2802,1740,1735,Yes,LACM ENT 602620,LACM ENT 602620_had_lbs.jpg
82156273,95.05,2530,2625,892,895,1.04,197.12,2466,2663,2234,2227,Yes,LACM ENT 602621,LACM ENT 602621_had_lbs.jpg
82156279,437.03,1775,2212,987,982,0.37,325.01,2168,2493,1749,1752,Yes,LACM ENT 602622,LACM ENT 602622_had_lbs.jpg
82156292,445.02,2065,2510,853,849,0.14,128.02,2593,2721,2106,2108,Yes,LACM ENT 602623,LACM ENT 602623_had_lbs.jpg
82156310,415.0,2092,2507,778,778,0.4,331.12,2598,2929,1797,1788,Yes,LACM ENT 602625,LACM ENT 602625_had_lbs.jpg
82156328,328.0,2688,3016,883,883,0.58,381.34,2598,2979,2051,2035,Yes,LACM ENT 602626,LACM ENT 602626_had_lbs.jpg
82156340,249.02,2556,2805,880,877,0.34,168.07,2555,2723,2041,2046,Yes,LACM ENT 602627,LACM ENT 602627_had_lbs.jpg
82156356,414.0,2174,2588,809,808,0.43,359.45,2467,2826,1732,1714,Yes,LACM ENT 602629,LACM ENT 602629_had_lbs.jpg
82156361,443.07,2544,2987,683,691,0.32,284.01,2859,3143,1626,1624,Yes,LACM ENT 602630,LACM ENT 602630_had_lbs.jpg
82156365,254.0,2609,2863,827,826,0.15,75.06,2385,2460,1594,1597,Yes,LACM ENT 602631,LACM ENT 602631_had_lbs.jpg
82156387,394.45,2541,2878,927,1132,0.45,355.14,2487,2842,1809,1799,Yes,LACM ENT 602635,LACM ENT 602635_had_lbs.jpg
82156392,419.0,2270,2689,790,790,0.36,298.14,2365,2663,1969,1960,Yes,LACM ENT 602642,LACM ENT 602642_had_lbs.jpg
82156404,400.74,2247,2603,1024,1208,0.44,349.89,2314,2663,2089,2064,Yes,LACM ENT 602643,LACM ENT 602643_had_lbs.jpg
82156411,249.0,2447,2696,857,857,0.38,191.07,2659,2850,1914,1919,Yes,LACM ENT 602645,LACM ENT 602645_had_lbs.jpg
82156412,417.0,2255,2672,823,823,0.41,345.0,2626,2971,1648,1648,Yes,LACM ENT 602646,LACM ENT 602646_had_lbs.jpg
82156431,414.0,2249,2663,793,791,0.33,270.05,2517,2787,1712,1707,Yes,LACM ENT 602651,LACM ENT 602651_had_lbs.jpg
82156435,410.0,2072,2482,581,582,0.37,299.43,2433,2732,1628,1612,Yes,LACM ENT 602652,LACM ENT 602652_had_lbs.jpg
82156443,441.0,2466,2907,788,789,0.37,323.15,2752,3075,2113,2103,Yes,LACM ENT 602653,LACM ENT 602653_had_lbs.jpg
82156454,440.0,2335,2775,885,885,0.31,271.05,2857,3128,2203,2198,Yes,LACM ENT 602654,LACM ENT 602654_had_lbs.jpg
82156456,438.02,2200,2638,855,851,0.38,329.04,2136,2465,2203,2198,Yes,LACM ENT 602655,LACM ENT 602655_had_lbs.jpg
82156477,438.0,2023,2461,900,899,0.34,301.28,2092,2391,1966,1929,Yes,LACM ENT 602656,LACM ENT 602656_had_lbs.jpg
82156485,447.0,1913,2360,753,753,0.15,135.06,2368,2503,2060,2064,Yes,LACM ENT 602662,LACM ENT 602662_had_lbs.jpg
82156491,417.0,2516,2933,824,825,0.38,314.06,2353,2667,2162,2156,Yes,LACM ENT 602663,LACM ENT 602663_had_lbs.jpg
82156513,440.01,2398,2838,843,840,0.35,311.41,2716,3027,1679,1663,Yes,LACM ENT 602666,LACM ENT 602666_had_lbs.jpg
82156519,271.0,2556,2827,832,833,0.2,109.22,2438,2547,2191,2198,Yes,LACM ENT 602667,LACM ENT 602667_had_lbs.jpg
82156558,449.0,2601,3050,813,812,0.21,187.0,2544,2731,2355,2354,Yes,LACM ENT 602669,LACM ENT 602669_had_lbs.jpg
82156567,246.0,2405,2651,810,809,0.68,332.15,2760,3092,1765,1755,Yes,LACM ENT 602670,LACM ENT 602670_had_lbs.jpg
82156592,443.06,1852,2295,925,918,0.23,207.15,2169,2376,2048,2040,Yes,LACM ENT 602674,LACM ENT 602674_had_lbs.jpg
82156594,370.0,2449,2801,1058,1172,0.41,304.03,2407,2711,2254,2258,Yes,LACM ENT 602679,LACM ENT 602679_had_lbs.jpg
82156611,411.59,2097,2470,994,1168,0.4,331.01,2389,2720,2027,2024,Yes,LACM ENT 602684,LACM ENT 602684_had_lbs.jpg
82156613,384.71,2583,2931,858,1022,0.25,193.06,2494,2687,1620,1615,Yes,LACM ENT 602686,LACM ENT 602686_had_lbs.jpg
82156626,416.0,2562,2978,813,812,0.37,305.01,2556,2861,1959,1961,Yes,LACM ENT 602687,LACM ENT 602687_had_lbs.jpg
82156642,411.0,2027,2438,775,776,0.39,320.35,2604,2924,1740,1755,Yes,LACM ENT 602688,LACM ENT 602688_had_lbs.jpg
82156648,421.84,2329,2696,1008,1216,0.39,332.2,2561,2890,1871,1825,Yes,LACM ENT 602689,LACM ENT 602689_had_lbs.jpg
82156670,244.0,2415,2659,772,772,0.65,317.03,2138,2455,1925,1921,Yes,LACM ENT 602690,LACM ENT 602690_had_lbs.jpg
82156675,415.0,2413,2828,789,789,0.42,348.04,2454,2802,2007,2002,Yes,LACM ENT 602692,LACM ENT 602692_had_lbs.jpg
82156680,442.0,1978,2420,829,828,0.62,547.93,2584,3130,1792,1746,Yes,LACM ENT 602694,LACM ENT 602694_had_lbs.jpg
82156695,424.0,2295,2719,847,845,0.16,133.0,2517,2650,2059,2059,Yes,LACM ENT 602695,LACM ENT 602695_had_lbs.jpg
82156696,265.01,2228,2493,915,917,0.15,80.1,2310,2390,1844,1840,Yes,LACM ENT 602699,LACM ENT 602699_had_lbs.jpg
82156699,440.0,2248,2688,755,757,0.38,330.55,2742,3072,1412,1393,Yes,LACM ENT 602700,LACM ENT 602700_had_lbs.jpg
82156721,438.0,2200,2638,876,878,0.33,288.0,2589,2877,2353,2352,Yes,LACM ENT 602702,LACM ENT 602702_had_lbs.jpg
82156728,421.0,2321,2659,926,1177,0.42,354.02,2231,2585,1881,1885,Yes,LACM ENT 602703,LACM ENT 602703_had_lbs.jpg
82156753,437.0,2183,2620,869,869,0.38,333.0,2240,2573,1769,1768,Yes,LACM ENT 602704,LACM ENT 602704_had_lbs.jpg
82156776,248.0,2389,2637,863,862,0.69,341.01,2385,2726,1821,1818,Yes,LACM ENT 602706,LACM ENT 602706_had_lbs.jpg
82156780,448.01,2069,2517,933,930,0.35,314.16,2686,3000,1804,1794,Yes,LACM ENT 602710,LACM ENT 602710_had_lbs.jpg
82156795,253.03,2808,3061,837,841,0.42,212.01,2673,2885,1851,1853,Yes,LACM ENT 602711,LACM ENT 602711_had_lbs.jpg
82156799,443.0,1976,2419,923,921,0.18,158.32,2387,2545,1799,1789,Yes,LACM ENT 602712,LACM ENT 602712_had_lbs.jpg
82156815,416.01,2314,2730,855,852,0.39,322.56,2551,2873,1823,1804,Yes,LACM ENT 602715,LACM ENT 602715_had_lbs.jpg
82156828,269.0,2183,2452,885,885,0.35,186.04,2570,2756,2344,2348,Yes,LACM ENT 602716,LACM ENT 602716_had_lbs.jpg
82156833,249.0,2201,2450,861,860,0.62,308.27,2554,2862,1648,1635,Yes,LACM ENT 602717,LACM ENT 602717_had_lbs.jpg
82156857,413.01,2300,2663,1113,1310,0.4,328.34,2272,2600,2413,2398,Yes,LACM ENT 602718,LACM ENT 602718_had_lbs.jpg
82156860,441.09,2080,2521,985,976,0.19,170.11,2267,2437,1770,1764,Yes,LACM ENT 602719,LACM ENT 602719_had_lbs.jpg
82156861,450.0,2158,2608,856,856,0.26,232.78,2468,2700,2001,2020,Yes,LACM_ENTB_5958,LACM_ENTB_5958_had_lbs.jpg
82156879,272.0,2059,2331,868,868,0.27,145.5,2508,2653,2066,2054,Yes,LACM_ENTB_5959,LACM_ENTB_5959_had_lbs.jpg
82156880,447.03,2096,2543,856,851,0.27,237.07,2317,2551,1964,2002,Yes,LACM_ENTB_5960,LACM_ENTB_5960_had_lbs.jpg
82156891,451.0,1823,2274,879,879,0.24,220.0,2122,2342,1967,1967,Yes,LACM_ENTB_5961,LACM_ENTB_5961_had_lbs.jpg
82156909,270.01,1955,2225,840,842,0.26,138.0,2364,2502,1944,1945,Yes,LACM_ENTB_5962,LACM_ENTB_5962_had_lbs.jpg
82156915,448.0,2221,2669,807,806,0.26,235.69,2560,2795,1881,1863,Yes,LACM_ENTB_5963,LACM_ENTB_5963_had_lbs.jpg
82156938,445.0,2044,2489,828,828,0.25,219.51,2373,2592,1927,1942,Yes,LACM_ENTB_5964,LACM_ENTB_5964_had_lbs.jpg
82156944,451.0,2400,2851,812,811,0.24,218.22,2459,2676,1842,1819,Yes,LACM_ENTB_5965,LACM_ENTB_5965_had_lbs.jpg
82156945,446.0,2186,2632,799,797,0.25,227.04,2495,2719,1944,1907,Yes,LACM_ENTB_5966,LACM_ENTB_5966_had_lbs.jpg
82156963,451.0,2246,2697,783,784,0.23,211.02,2572,2783,1886,1889,Yes,LACM_ENTB_5967,LACM_ENTB_5967_had_lbs.jpg
82156983,448.01,2124,2572,798,795,0.26,230.15,2434,2663,1878,1855,Yes,LACM_ENTB_5968,LACM_ENTB_5968_had_lbs.jpg
82156993,449.02,2185,2634,797,793,0.25,226.8,2482,2708,1879,1860,Yes,LACM_ENTB_5969,LACM_ENTB_5969_had_lbs.jpg
82157013,443.04,2207,2650,885,879,0.28,252.24,2426,2678,2110,2099,Yes,LACM_ENTB_5970,LACM_ENTB_5970_had_lbs.jpg
82157021,437.03,2264,2701,971,966,0.26,228.0,2540,2768,2100,2101,Yes,LACM_ENTB_5971,LACM_ENTB_5971_had_lbs.jpg
82157027,311.01,2559,2870,929,931,0.27,170.0,2528,2698,2009,2009,Yes,LACM_ENTB_5972,LACM_ENTB_5972_had_lbs.jpg
82157045,439.0,2307,2746,942,941,0.26,225.32,2489,2714,2041,2029,Yes,LACM_ENTB_5973,LACM_ENTB_5973_had_lbs.jpg
82157046,440.01,2175,2615,711,708,0.25,223.0,2495,2718,1800,1801,Yes,LACM_ENTB_5974,LACM_ENTB_5974_had_lbs.jpg
82157053,439.0,2179,2618,878,877,0.26,229.08,2541,2770,2072,2066,Yes,LACM_ENTB_5975,LACM_ENTB_5975_had_lbs.jpg
82157069,439.0,2183,2622,865,864,0.25,222.14,2520,2742,2031,2023,Yes,LACM_ENTB_5976,LACM_ENTB_5976_had_lbs.jpg
82157075,441.0,2171,2612,860,860,0.17,153.47,2577,2730,1935,1947,Yes,LACM_ENTB_5977,LACM_ENTB_5977_had_lbs.jpg
82157102,435.0,2259,2694,868,867,0.28,240.1,2576,2816,2090,2097,Yes,LACM_ENTB_5978,LACM_ENTB_5978_had_lbs.jpg
82157109,265.0,2250,2515,864,864,0.27,141.17,2561,2702,2223,2216,Yes,LACM_ENTB_5979,LACM_ENTB_5979_had_lbs.jpg
82157127,264.0,2516,2780,852,851,0.44,232.17,2334,2566,2031,2040,Yes,LACM_ENTB_5980,LACM_ENTB_5980_had_lbs.jpg
82157135,264.02,2343,2607,832,829,0.28,149.34,2334,2483,2075,2065,Yes,LACM_ENTB_5981,LACM_ENTB_5981_had_lbs.jpg
82157151,442.0,1980,2422,845,844,0.24,214.04,2342,2556,2140,2144,Yes,LACM_ENTB_5982,LACM_ENTB_5982_had_lbs.jpg
82157164,440.0,1970,2410,925,925,0.24,207.96,2528,2735,2381,2361,Yes,LACM_ENTB_5983,LACM_ENTB_5983_had_lbs.jpg
82157199,437.0,2168,2605,798,798,0.17,151.48,2232,2383,1848,1860,Yes,LACM_ENTB_5984,LACM_ENTB_5984_had_lbs.jpg
82157207,439.0,2423,2862,840,841,0.24,213.11,2370,2583,1951,1944,Yes,LACM_ENTB_5985,LACM_ENTB_5985_had_lbs.jpg
82157225,434.0,2110,2544,881,881,0.27,230.14,2582,2812,2042,2034,Yes,LACM_ENTB_5986,LACM_ENTB_5986_had_lbs.jpg
82157228,441.0,2217,2658,871,870,0.24,215.06,2221,2436,2033,2038,Yes,LACM_ENTB_5987,LACM_ENTB_5987_had_lbs.jpg
82157235,442.0,1941,2383,851,850,0.17,150.16,2356,2506,2050,2043,Yes,LACM_ENTB_5988,LACM_ENTB_5988_had_lbs.jpg
82157257,439.0,1864,2303,846,845,0.26,230.03,2270,2500,2032,2036,Yes,LACM_ENTB_5989,LACM_ENTB_5989_had_lbs.jpg
82157263,369.38,1982,2323,1121,979,0.33,242.53,2216,2458,1946,1930,Yes,LACM_ENTB_5990,LACM_ENTB_5990_had_lbs.jpg
82157273,441.0,1773,2214,807,808,0.26,231.05,2291,2522,1866,1861,Yes,LACM_ENTB_5991,LACM_ENTB_5991_had_lbs.jpg
82157289,441.02,1953,2394,786,790,0.26,226.06,2390,2616,1916,1921,Yes,LACM_ENTB_5992,LACM_ENTB_5992_had_lbs.jpg
82157291,439.0,1861,2300,813,813,0.29,251.8,2377,2628,1916,1896,Yes,LACM_ENTB_5993,LACM_ENTB_5993_had_lbs.jpg
82157309,451.0,2123,2574,858,856,0.24,218.22,2496,2713,2041,2018,Yes,LACM_ENTB_5994,LACM_ENTB_5994_had_lbs.jpg
82157310,444.0,2177,2621,810,809,0.26,229.3,2532,2756,2074,2123,Yes,LACM_ENTB_5995,LACM_ENTB_5995_had_lbs.jpg
82157318,273.0,2352,2625,797,798,0.26,139.52,2680,2819,1960,1948,Yes,LACM_ENTB_5996,LACM_ENTB_5996_had_lbs.jpg
82157336,396.3,2094,2457,953,1112,0.31,248.03,2373,2621,1958,1962,Yes,LACM_ENTB_5997,LACM_ENTB_5997_had_lbs.jpg
82157341,446.0,1884,2330,847,848,0.24,212.14,2279,2490,1954,1932,Yes,LACM_ENTB_5998,LACM_ENTB_5998_had_lbs.jpg
82157352,448.01,2049,2497,835,832,0.16,146.05,2198,2344,1963,1959,Yes,LACM_ENTB_5999,LACM_ENTB_5999_had_lbs.jpg
82157368,449.0,2093,2542,790,790,0.24,216.02,2188,2404,2212,2209,Yes,LACM_ENTB_6000,LACM_ENTB_6000_had_lbs.jpg
82157374,448.0,2368,2816,769,770,0.26,236.3,2626,2862,1908,1896,Yes,LACM_ENTB_6001,LACM_ENTB_6001_had_lbs.jpg
82157392,452.0,2276,2728,744,745,0.27,245.99,2589,2834,1951,1929,Yes,LACM_ENTB_6002,LACM_ENTB_6002_had_lbs.jpg
82157414,372.59,2511,2862,944,1069,0.29,217.0,2592,2809,1909,1908,Yes,LACM_ENTB_6003,LACM_ENTB_6003_had_lbs.jpg
82157422,376.24,2564,2912,921,1064,0.35,260.0,2544,2804,1848,1848,Yes,LACM_ENTB_6004,LACM_ENTB_6004_had_lbs.jpg
82157444,450.0,2262,2712,788,787,0.24,213.4,2559,2772,1955,1942,Yes,LACM_ENTB_6005,LACM_ENTB_6005_had_lbs.jpg
82157450,449.0,2249,2698,802,800,0.27,242.17,2590,2832,1987,1978,Yes,LACM_ENTB_6006,LACM_ENTB_6006_had_lbs.jpg
82157455,452.0,1977,2429,769,767,0.26,238.1,2613,2851,1871,1864,Yes,LACM_ENTB_6007,LACM_ENTB_6007_had_lbs.jpg
82157473,381.39,2089,2452,1066,949,0.02,11.7,2628,2639,1900,1904,Yes,LACM_ENTB_6008,LACM_ENTB_6008_had_lbs.jpg
82157474,446.01,2569,3015,802,799,0.15,133.14,2579,2712,1966,1972,Yes,LACM_ENTB_6009,LACM_ENTB_6009_had_lbs.jpg
