subject_id,T2_1 Set scale (0.5 cm): x1,T2_1 Set scale (0.5 cm): y1,T2_1 Set scale (0.5 cm): x2,T2_1 Set scale (0.5 cm): y2,T2_1 Set scale (0.5 cm): pixel_length,T2_1 Tegula length: x1,T2_1 Tegula length: y1,T2_1 Tegula length: x2,T2_1 Tegula length: y2,T2_1 Tegula length: pixel_length,T2_1 Tegula length: length cm,T3_1 Were you able to measure the bee?,Filename
78051835,1237,158,1663,155,426.01,645,1297,650,1459,162.08,0.19,Yes,UCSB-IZC00000646.jpg
78051836,1503,495,1706,499,203.04,937,1584,937,1800,216.0,0.53,Yes,UCSB-IZC00003496.jpg
78051837,2109,147,2702,146,593.0,1160,1598,1406,1597,246.0,0.21,Yes,UCSB-IZC00003658.jpg
78051838,2030,242,2568,246,538.01,1335,1928,1332,1969,41.11,0.04,Yes,UCSB-IZC00003718.jpg
78051839,1549,197,2305,195,756.0,1568,2297,1571,2448,151.03,0.1,Yes,UCSB-IZC00004438.jpg
78051840,1322,387,1611,388,289.0,1975,1794,1977,1844,50.04,0.09,Yes,UCSB-IZC00005582.jpg
78051841,1683,625,2240,620,557.02,986,1673,991,1781,108.12,0.1,Yes,UCSB-IZC00005586.jpg
78051842,1318,576,1980,547,662.63,1100,1936,1124,2162,227.27,0.17,Yes,UCSB-IZC00005587.jpg
78051843,2005,176,2303,175,298.0,1051,1766,1053,1801,35.06,0.06,Yes,UCSB-IZC00005588.jpg
78051844,2028,188,2363,188,335.0,988,1407,994,1448,41.44,0.06,Yes,UCSB-IZC00005593.jpg
78051845,1875,159,2389,159,514.0,998,1486,997,1606,120.0,0.12,Yes,UCSB-IZC00005594.jpg
78051846,1051,150,1333,147,282.02,568,1464,566,1555,91.02,0.16,Yes,UCSB-IZC00005600.jpg
78051847,1814,186,2347,185,533.0,1695,1375,1689,1500,125.14,0.12,Yes,UCSB-IZC00005601.jpg
78051848,2114,168,2466,170,352.01,1189,1442,1382,1423,193.93,0.28,No,UCSB-IZC00005603.jpg
78051849,1951,505,2547,513,596.05,1329,1851,1322,1921,70.35,0.06,Yes,UCSB-IZC00005612.jpg
78051850,1000,287,1203,284,203.02,565,997,575,1146,149.34,0.37,Yes,UCSB-IZC00005618.jpg
78051851,1065,238,1394,242,329.02,1142,1589,1117,1584,25.5,0.04,Yes,UCSB-IZC00005621.jpg
78051852,1278,170,1706,167,428.01,713,1468,714,1502,34.01,0.04,Yes,UCSB-IZC00005622.jpg
78051853,1947,336,2522,337,575.0,1691,1914,1698,2015,101.24,0.09,Yes,UCSB-IZC00005623.jpg
78051854,995,97,1458,89,463.07,1179,1589,1173,1627,38.47,0.04,Yes,UCSB-IZC00005624.jpg
78051855,1218,410,1731,414,513.02,666,1402,669,1579,177.03,0.17,Yes,UCSB-IZC00005625.jpg
78051856,1471,243,2074,245,603.0,1061,1786,1043,1926,141.15,0.12,Yes,UCSB-IZC00005627.jpg
78051857,2033,180,2547,180,514.0,1224,1624,1239,1738,114.98,0.11,Yes,UCSB-IZC00005632.jpg
78051858,1115,182,1649,185,534.01,1072,1481,1086,1618,137.71,0.13,Yes,UCSB-IZC00005637.jpg
78051859,1501,202,2012,201,511.0,1457,2005,1456,2111,106.0,0.1,Yes,UCSB-IZC00005639.jpg
78051860,1447,148,1961,151,514.01,1224,1636,1220,1667,31.26,0.03,Yes,UCSB-IZC00005904.jpg
78051861,1364,737,2017,738,653.0,1564,2523,1570,2625,102.18,0.08,Yes,UCSB-IZC00005909.jpg
78051862,991,331,1631,323,640.05,1290,2457,1281,2563,106.38,0.08,Yes,UCSB-IZC00005919.jpg
78051863,1842,431,2403,437,561.03,1460,1395,1466,1496,101.18,0.09,Yes,UCSB-IZC00005933.jpg
78051864,1352,436,1747,405,396.21,1436,1392,1450,1501,109.9,0.14,Yes,UCSB-IZC00005937.jpg
78051865,1576,153,2010,151,434.0,669,1367,674,1398,31.4,0.04,Yes,UCSB-IZC00005939.jpg
78051866,1139,697,1617,695,478.0,455,1413,457,1617,204.01,0.21,Yes,UCSB-IZC00007085.jpg
78051867,2058,507,2694,512,636.02,1190,1696,1187,1756,60.07,0.05,Yes,UCSB-IZC00008208.jpg
78051868,1185,364,1824,360,639.01,1942,2110,1933,2297,187.22,0.15,Yes,UCSB-IZC00010839.jpg
78051869,2110,127,2700,125,590.0,987,1431,1215,1415,228.56,0.19,Yes,UCSB-IZC00010867.jpg
78051870,1759,132,2115,133,356.0,1105,1419,1246,1407,141.51,0.2,Yes,UCSB-IZC00010892.jpg
78051871,1270,172,1817,172,547.0,1222,1146,1215,1263,117.21,0.11,Yes,UCSB-IZC00012302.jpg
78051872,876,206,1461,203,585.01,1546,1567,1550,1702,135.06,0.12,Yes,UCSB-IZC00012317.jpg
78051873,1193,230,1743,231,550.0,1246,1429,1255,1628,199.2,0.18,Yes,UCSB-IZC00012323.jpg
78051874,1204,179,1748,182,544.01,1343,1264,1353,1460,196.25,0.18,Yes,UCSB-IZC00012329.jpg
78051875,1855,158,2402,157,547.0,1255,1447,1258,1565,118.04,0.11,Yes,UCSB-IZC00012340.jpg
78051876,1327,122,1907,113,580.07,1688,1600,1690,1646,46.04,0.04,Yes,UCSB-IZC00012426.jpg
78051877,1629,177,1960,180,331.01,1329,1229,1332,1270,41.11,0.06,Yes,UCSB-IZC00012433.jpg
78051878,871,302,1609,303,738.0,1964,2055,1963,2121,66.01,0.04,Yes,UCSB-IZC00012435.jpg
78051879,1415,510,2041,491,626.29,1513,1881,1508,2107,226.06,0.18,Yes,UCSB-IZC00012444.jpg
78051880,1418,162,1965,163,547.0,1397,1338,1393,1478,140.06,0.13,Yes,UCSB-IZC00012445.jpg
78051881,1968,138,2260,138,292.0,812,1193,810,1301,108.02,0.18,Yes,UCSB-IZC00012452.jpg
78051882,1558,229,2137,225,579.01,1495,1588,1500,1634,46.27,0.04,Yes,UCSB-IZC00012454.jpg
78051883,1511,277,2124,280,613.01,1519,2025,1519,2153,128.0,0.1,Yes,UCSB-IZC00012459.jpg
78051884,2243,203,2822,199,579.01,1378,1487,1389,1636,149.41,0.13,Yes,UCSB-IZC00012461.jpg
78051885,2280,226,2932,227,652.0,1325,2392,1323,2529,137.01,0.11,Yes,UCSB-IZC00012462.jpg
78051886,1979,193,2509,194,530.0,657,1566,658,1609,43.01,0.04,Yes,UCSB-IZC00014705.jpg
78051887,1259,151,1722,154,463.01,1112,1572,1112,1542,30.0,0.03,Yes,UCSB-IZC00014856.jpg
78051888,1687,140,2223,140,536.0,1428,1800,1439,1926,126.48,0.12,Yes,UCSB-IZC00015098.jpg
78051889,1210,217,1689,215,479.0,1052,2116,1052,2132,16.0,0.02,Yes,UCSB-IZC00021417.jpg
78051890,1028,458,1385,461,357.01,842,1670,830,1898,228.32,0.32,Yes,UCSB-IZC00022213.jpg
78051891,2044,189,2561,190,517.0,592,1361,599,1487,126.19,0.12,Yes,UCSB-IZC00022224.jpg
78051892,362,169,903,166,541.01,1051,2569,1047,2788,219.04,0.2,Yes,UCSB-IZC00023325.jpg
78051893,1407,142,1856,139,449.01,662,1354,653,1458,104.39,0.12,Yes,UCSB-IZC00027132.jpg
78051894,2110,167,2595,166,485.0,1259,1346,1264,1449,103.12,0.11,Yes,UCSB-IZC00028334.jpg
78051895,1035,160,1525,161,490.0,1213,1678,1219,1793,115.16,0.12,Yes,UCSB-IZC00028349.jpg
78051896,1509,573,2217,581,708.05,959,1903,961,1874,29.07,0.02,Yes,UCSB-IZC00028367.jpg
78051897,1622,187,1881,185,259.01,790,1265,791,1299,34.01,0.07,Yes,UCSB-IZC00028379.jpg
78051898,1421,505,1777,550,358.83,594,1972,596,2024,52.04,0.07,Yes,UCSB-IZC00028611.jpg
78051899,2157,464,2728,465,571.0,1467,2437,1474,2480,43.57,0.04,Yes,UCSB-IZC00030039.jpg
78051900,1493,461,2056,457,563.01,1380,2076,1391,2304,228.27,0.2,Yes,UCSB-IZC00030075.jpg
78051901,1754,165,2270,165,516.0,976,1500,977,1720,220.0,0.21,Yes,UCSB-IZC00030335.jpg
78051902,1704,160,2176,160,472.0,692,1363,712,1476,114.76,0.12,Yes,UCSB-IZC00030367.jpg
78051903,1694,215,2369,211,675.01,1625,2604,1634,2665,61.66,0.05,Yes,UCSB-IZC00030369.jpg
78051904,1433,91,1903,90,470.0,558,1445,556,1541,96.02,0.1,Yes,UCSB-IZC00030423.jpg
78051905,466,183,1036,179,570.01,1149,2293,1149,2435,142.0,0.12,Yes,UCSB-IZC00030694.jpg
78051906,2182,527,2882,527,700.0,2084,1241,2063,1270,35.81,0.03,Yes,UCSB-IZC00030695.jpg
78051907,1688,410,2453,405,765.02,1813,1420,1812,1455,35.01,0.02,Yes,UCSB-IZC00030755.jpg
78051908,1325,452,1638,455,313.01,961,1967,962,2074,107.0,0.17,Yes,UCSB-IZC00030767.jpg
78051909,2189,356,2577,356,388.0,1825,1877,1836,2084,207.29,0.27,Yes,UCSB-IZC00030779.jpg
78051910,1688,313,2324,309,636.01,2011,1910,2016,2098,188.07,0.15,Yes,UCSB-IZC00030795.jpg
78051911,1575,206,2202,201,627.02,1370,2474,1377,2522,48.51,0.04,Yes,UCSB-IZC00030820.jpg
78051912,1970,179,2484,177,514.0,883,1457,885,1495,38.05,0.04,Yes,UCSB-IZC00030855.jpg
78051913,1131,405,1896,396,765.05,2037,1587,2050,1732,145.58,0.1,Yes,UCSB-IZC00030859.jpg
78051914,1689,212,2200,207,511.02,1155,1758,1161,1888,130.14,0.13,Yes,UCSB-IZC00030870.jpg
78051915,1902,185,2474,182,572.01,1589,1881,1590,2011,130.0,0.11,Yes,UCSB-IZC00030875.jpg
78051916,1620,194,2356,195,736.0,906,1118,1177,1093,272.15,0.18,Yes,UCSB-IZC00031097.jpg
78051917,2245,285,2481,504,321.96,1307,1121,1049,1129,258.12,0.4,Yes,UCSB-IZC00031172.jpg
78051918,1643,143,2237,139,594.01,930,1283,1092,1270,162.52,0.14,Yes,UCSB-IZC00031232.jpg
78051919,2061,137,2656,137,595.0,977,1580,1224,1559,247.89,0.21,Yes,UCSB-IZC00031244.jpg
78051920,1564,160,2074,158,510.0,920,1607,943,1739,133.99,0.13,Yes,UCSB-IZC00031260.jpg
78051921,1418,167,1894,167,476.0,741,1250,741,1283,33.0,0.03,Yes,UCSB-IZC00033736.jpg
78051922,1800,168,2314,169,514.0,743,1377,748,1416,39.32,0.04,Yes,UCSB-IZC00034068.jpg
78051923,1832,482,2452,489,620.04,1573,1542,1555,1730,188.86,0.15,Yes,UCSB-IZC00034388.jpg
78051924,1550,446,2142,441,592.02,1168,1447,1194,1601,156.18,0.13,Yes,UCSB-IZC00034389.jpg
78051925,1519,160,1993,160,474.0,722,1316,719,1341,25.18,0.03,Yes,UCSB-IZC00034393.jpg
78051926,1517,162,1996,162,479.0,835,1357,848,1506,149.57,0.16,Yes,UCSB-IZC00034397.jpg
78051927,1884,318,2402,320,518.0,1119,1677,1126,1840,163.15,0.16,Yes,UCSB-IZC00034400.jpg
78051928,1742,443,2371,451,629.05,1072,1308,1075,1560,252.02,0.2,Yes,UCSB-IZC00034403.jpg
78051929,1349,224,1854,221,505.01,1089,1804,1084,1908,104.12,0.1,Yes,UCSB-IZC00034405.jpg
78051930,1186,155,1652,154,466.0,748,1141,750,1176,35.06,0.04,Yes,UCSB-IZC00034406.jpg
78051931,2160,210,2687,209,527.0,995,1365,994,1492,127.0,0.12,Yes,UCSB-IZC00034407.jpg
78051932,1520,160,1999,160,479.0,608,1267,603,1296,29.43,0.03,Yes,UCSB-IZC00034408.jpg
78051933,1279,274,1654,275,375.0,1563,1800,1566,1921,121.04,0.16,Yes,UCSB-IZC00034410.jpg
78051934,1948,148,2262,146,314.01,624,2047,632,2018,30.08,0.05,Yes,UCSB-IZC00034411.jpg
78051935,1349,126,1761,127,412.0,1002,1206,998,1302,96.08,0.12,Yes,UCSB-IZC00034412.jpg
78051936,1653,602,2175,605,522.01,984,1652,994,1772,120.42,0.12,Yes,UCSB-IZC00034413.jpg
78051937,764,456,1309,456,545.0,1055,1463,1047,1593,130.25,0.12,Yes,UCSB-IZC00034415.jpg
78051938,1592,150,2046,147,454.01,767,1592,769,1633,41.05,0.05,Yes,UCSB-IZC00034418.jpg
78051939,1770,167,2249,163,479.02,813,1641,817,1757,116.07,0.12,Yes,UCSB-IZC00034421.jpg
78051940,1296,464,1901,467,605.01,714,1664,719,1789,125.1,0.1,Yes,UCSB-IZC00034424.jpg
78051941,1816,683,2502,680,686.01,1733,2537,1742,2595,58.69,0.04,Yes,UCSB-IZC00034434.jpg
78051942,1434,452,1963,435,529.27,1157,1553,1161,1528,25.32,0.02,Yes,UCSB-IZC00034444.jpg
78051943,1734,420,2359,416,625.01,757,1320,759,1450,130.02,0.1,Yes,UCSB-IZC00034445.jpg
78051944,1229,528,1782,522,553.03,758,1466,753,1658,192.07,0.17,Yes,UCSB-IZC00034465.jpg
78051945,1801,227,1923,229,122.02,1560,1490,1564,1598,108.07,0.44,Yes,UCSB-IZC00034491.jpg
78051946,693,352,1078,340,385.19,465,1227,478,1312,85.99,0.11,Yes,UCSB-IZC00034503.jpg
78051947,1130,178,1614,175,484.01,728,1028,729,1092,64.01,0.07,Yes,UCSB-IZC00034510.jpg
78051948,905,539,1337,601,436.43,752,1179,764,1285,106.68,0.12,Yes,UCSB-IZC00034521.jpg
78051949,854,307,1231,317,377.13,303,1029,301,1060,31.06,0.04,Yes,UCSB-IZC00034524.jpg
78051950,1761,524,2107,526,346.01,1005,1646,1008,1805,159.03,0.23,Yes,UCSB-IZC00034526.jpg
78051951,1154,115,1587,115,433.0,505,1151,507,1217,66.03,0.08,Yes,UCSB-IZC00034540.jpg
78051952,1457,153,1857,152,400.0,641,1092,639,1117,25.08,0.03,Yes,UCSB-IZC00034542.jpg
78051953,1882,267,2435,265,553.0,1170,1599,1174,1633,34.23,0.03,Yes,UCSB-IZC00034545.jpg
78051954,1205,106,1440,108,235.01,501,980,501,1055,75.0,0.16,Yes,UCSB-IZC00034556.jpg
78051955,830,331,1221,333,391.01,449,1070,455,1244,174.1,0.22,Yes,UCSB-IZC00034557.jpg
78051956,793,215,1173,213,380.01,490,1072,490,1099,27.0,0.04,Yes,UCSB-IZC00034564.jpg
78051957,821,135,1137,134,316.0,152,1441,252,1452,100.6,0.16,Yes,UCSB-IZC00034582.jpg
78051958,899,108,1219,109,320.0,629,873,628,978,105.0,0.16,Yes,UCSB-IZC00034588.jpg
78051959,1205,138,1551,136,346.01,561,923,563,943,20.1,0.03,Yes,UCSB-IZC00034594.jpg
78051960,868,103,1229,103,361.0,150,953,147,1066,113.04,0.16,Yes,UCSB-IZC00034607.jpg
78051961,774,124,1150,123,376.0,915,1021,916,1135,114.0,0.15,Yes,UCSB-IZC00034612.jpg
78051962,1902,586,2456,602,554.23,1239,1689,1249,1793,104.48,0.09,Yes,UCSB-IZC00034615.jpg
78051963,2224,244,2892,245,668.0,1382,1597,1391,1711,114.35,0.09,Yes,UCSB-IZC00034993.jpg
78051964,646,179,1086,176,440.01,304,1068,300,1138,70.11,0.08,Yes,UCSB-IZC00034994.jpg
78051965,1277,207,1698,209,421.0,977,1249,977,1326,77.0,0.09,Yes,UCSB-IZC00035077.jpg
78051966,1754,483,2424,466,670.22,1925,1542,1933,1680,138.23,0.1,Yes,UCSB-IZC00035100.jpg
78051967,1329,180,1802,179,473.0,720,1255,714,1347,92.2,0.1,Yes,UCSB-IZC00035351.jpg
78051968,1506,133,1885,130,379.01,903,1320,899,1413,93.09,0.12,Yes,UCSB-IZC00035355.jpg
78051969,2035,225,2607,224,572.0,1538,1262,1511,1449,188.94,0.17,Yes,UCSB-IZC00035615.jpg
78051970,1874,181,2581,177,707.01,1089,1167,1324,1169,235.01,0.17,Yes,UCSB-IZC00035851.jpg
78051971,2347,145,2940,143,593.0,1063,1361,1304,1354,241.1,0.2,Yes,UCSB-IZC00035872.jpg
78051972,2108,178,2817,175,709.01,1450,1264,1622,1265,172.0,0.12,Yes,UCSB-IZC00035943.jpg
78051973,2232,178,2590,178,358.0,1138,1340,1263,1344,125.06,0.17,Yes,UCSB-IZC00035949.jpg
78051974,1786,170,2376,168,590.0,1078,1344,1324,1347,246.02,0.21,Yes,UCSB-IZC00035955.jpg
78051975,1650,218,2200,217,550.0,1267,2151,1267,2192,41.0,0.04,Yes,UCSB-IZC00035984.jpg
78051976,1663,523,2105,581,445.79,1371,1800,1375,1940,140.06,0.16,Yes,UCSB-IZC00036003.jpg
78051977,1928,463,2518,465,590.0,1386,1630,1386,1685,55.0,0.05,Yes,UCSB-IZC00036007.jpg
78051978,1884,194,2386,195,502.0,832,1374,829,1489,115.04,0.11,Yes,UCSB-IZC00036009.jpg
78051979,1478,162,2006,161,528.0,1132,1433,1144,1565,132.54,0.13,Yes,UCSB-IZC00036013.jpg
78051980,2107,128,2464,127,357.0,1808,1612,1945,1613,137.0,0.19,Yes,UCSB-IZC00036017.jpg
78051981,1770,115,2357,118,587.01,944,1386,1165,1355,223.16,0.19,Yes,UCSB-IZC00036022.jpg
78051982,2108,169,2698,165,590.01,1066,1392,1333,1383,267.15,0.23,Yes,UCSB-IZC00036025.jpg
78051983,2016,127,2607,127,591.0,745,1371,895,1360,150.4,0.13,Yes,UCSB-IZC00036033.jpg
78051984,1886,244,2582,238,696.03,1268,1137,1509,1122,241.47,0.17,Yes,UCSB-IZC00036044.jpg
78051985,2117,138,2709,137,592.0,999,1430,1255,1426,256.03,0.22,Yes,UCSB-IZC00036055.jpg
78051986,1275,297,1851,300,576.01,769,1525,775,1640,115.16,0.1,Yes,UCSB-IZC00036129.jpg
78051987,1395,163,1702,162,307.0,1118,1850,1125,2038,188.13,0.31,Yes,UCSB-IZC00036134.jpg
78051988,2236,161,2594,161,358.0,947,1326,1181,1306,234.85,0.33,Yes,UCSB-IZC00036140.jpg
78051989,2079,298,2331,433,285.88,1027,1153,1098,1151,71.03,0.12,Yes,UCSB-IZC00036147.jpg
78051990,1672,143,2191,138,519.02,529,1742,535,1868,126.14,0.12,Yes,UCSB-IZC00036148.jpg
78051991,2003,211,2722,206,719.02,1324,971,1312,1210,239.3,0.17,Yes,UCSB-IZC00036153.jpg
78051992,1513,498,2085,498,572.0,978,1680,982,1818,138.06,0.12,Yes,UCSB-IZC00036159.jpg
78051993,1844,144,2440,146,596.0,507,1189,741,1195,234.08,0.2,Yes,UCSB-IZC00036169.jpg
78051994,1941,189,2465,189,524.0,1367,1330,1375,1452,122.26,0.12,Yes,UCSB-IZC00036172.jpg
78051995,2171,191,2684,192,513.0,1335,1490,1333,1530,40.05,0.04,Yes,UCSB-IZC00036177.jpg
78051996,1613,168,2064,167,451.0,756,1797,754,1763,34.06,0.04,Yes,UCSB-IZC00036226.jpg
78051997,1664,202,2426,200,762.0,1271,1532,1441,1522,170.29,0.11,Yes,UCSB-IZC00036256.jpg
78051998,2245,411,2881,410,636.0,1449,1876,1433,2104,228.56,0.18,Yes,UCSB-IZC00036274.jpg
78051999,1009,852,1723,840,714.1,2081,3004,2097,3251,247.52,0.17,Yes,UCSB-IZC00036280.jpg
78052000,1560,471,1945,468,385.01,1096,1675,1105,1798,123.33,0.16,Yes,UCSB-IZC00036291.jpg
78052001,1543,512,2142,532,599.33,1359,1599,1351,1841,242.13,0.2,Yes,UCSB-IZC00036301.jpg
78052002,1738,267,2365,266,627.0,1593,1487,1611,1689,202.8,0.16,Yes,UCSB-IZC00036303.jpg
78052003,2135,204,2661,203,526.0,1237,1430,1232,1556,126.1,0.12,Yes,UCSB-IZC00036306.jpg
78052004,1650,400,2053,400,403.0,1778,2531,1771,2697,166.15,0.21,Yes,UCSB-IZC00036307.jpg
78052005,1724,216,2246,215,522.0,1262,1471,1263,1508,37.01,0.04,Yes,UCSB-IZC00036314.jpg
78052006,1616,205,1934,210,318.04,1089,1350,1087,1588,238.01,0.37,Yes,UCSB-IZC00036315.jpg
78052007,1771,179,2293,177,522.0,1596,1365,1600,1511,146.05,0.14,Yes,UCSB-IZC00036320.jpg
78052008,1654,134,2178,134,524.0,991,1326,1016,1526,201.56,0.19,Yes,UCSB-IZC00036324.jpg
78052009,939,653,1336,992,522.04,1370,1776,1637,1768,267.12,0.26,Yes,UCSB-IZC00036326.jpg
78052010,2348,163,2938,161,590.0,1088,1393,1295,1378,207.54,0.18,Yes,UCSB-IZC00036329.jpg
78052011,1324,125,1772,123,448.0,243,1696,229,1870,174.56,0.19,Yes,UCSB-IZC00036341.jpg
78052012,1269,471,1831,469,562.0,1410,2266,1417,2475,209.12,0.19,Yes,UCSB-IZC00036342.jpg
78052013,1872,124,2464,122,592.0,1045,1328,1268,1330,223.01,0.19,Yes,UCSB-IZC00036353.jpg
78052014,1415,157,2051,157,636.0,1322,1332,1482,1341,160.25,0.13,Yes,UCSB-IZC00036424.jpg
78052015,1313,147,1759,146,446.0,621,1724,630,1826,102.4,0.11,Yes,UCSB-IZC00036433.jpg
78052016,1916,179,2546,179,630.0,1268,1751,1549,1736,281.4,0.22,Yes,UCSB-IZC00036437.jpg
78052017,2198,77,2688,193,503.54,878,1470,1033,1451,156.16,0.16,Yes,UCSB-IZC00036438.jpg
78052018,917,167,1547,166,630.0,1390,1516,1646,1504,256.28,0.2,Yes,UCSB-IZC00036447.jpg
78052019,1519,205,2045,204,526.0,933,1382,946,1601,219.39,0.21,Yes,UCSB-IZC00036453.jpg
78052020,1997,154,2590,153,593.0,973,1147,1096,1152,123.1,0.1,Yes,UCSB-IZC00036455.jpg
78052021,1916,220,2665,219,749.0,1236,1811,1393,1791,158.27,0.11,Yes,UCSB-IZC00036456.jpg
78052022,1927,209,2453,210,526.0,1249,1161,1263,1294,133.73,0.13,Yes,UCSB-IZC00036474.jpg
78052023,1162,185,1801,186,639.0,1159,1733,1394,1729,235.03,0.18,Yes,UCSB-IZC00036541.jpg
78052024,1666,167,2298,164,632.01,1383,1502,1664,1479,281.94,0.22,Yes,UCSB-IZC00036544.jpg
78052025,2669,207,3048,206,379.0,1349,1704,1503,1715,154.39,0.2,Yes,UCSB-IZC00036550.jpg
78052026,1884,165,2407,164,523.0,933,1334,934,1464,130.0,0.12,Yes,UCSB-IZC00036558.jpg
78052027,2110,138,2703,137,593.0,1014,1371,1237,1338,225.43,0.19,Yes,UCSB-IZC00036564.jpg
78052028,2174,155,2811,153,637.0,1406,1577,1661,1530,259.3,0.2,Yes,UCSB-IZC00036571.jpg
78052029,1978,389,2501,386,523.01,1620,1663,1622,1792,129.02,0.12,Yes,UCSB-IZC00036576.jpg
78052030,1414,156,2046,154,632.0,1482,1599,1632,1594,150.08,0.12,Yes,UCSB-IZC00036581.jpg
78052031,1415,169,2046,169,631.0,1197,1311,1427,1306,230.05,0.18,Yes,UCSB-IZC00036582.jpg
78052032,2072,442,2709,442,637.0,1331,1859,1317,1984,125.78,0.1,Yes,UCSB-IZC00036586.jpg
78052033,2267,385,2904,388,637.01,1379,1917,1391,2127,210.34,0.17,Yes,UCSB-IZC00036587.jpg
78052034,2228,164,2812,163,584.0,1249,1257,1378,1257,129.0,0.11,Yes,UCSB-IZC00036589.jpg
78052035,1553,466,2319,467,766.0,1304,1450,1483,1627,251.73,0.16,Yes,UCSB-IZC00036592.jpg
78052036,1921,170,2544,170,623.0,976,1499,1284,1510,308.2,0.25,Yes,UCSB-IZC00036601.jpg
78052037,2024,171,2206,176,182.07,1108,1804,1257,1806,149.01,0.41,Yes,UCSB-IZC00036602.jpg
78052038,1414,147,2046,145,632.0,1226,1481,1384,1465,158.81,0.13,Yes,UCSB-IZC00036603.jpg
78052039,1640,155,2350,156,710.0,1299,1492,1355,1492,56.0,0.04,No,UCSB-IZC00036610.jpg
78052040,1683,182,2207,182,524.0,1220,1200,1219,1413,213.0,0.2,Yes,UCSB-IZC00036620.jpg
78052041,1168,183,1798,181,630.0,1235,1470,1489,1470,254.0,0.2,Yes,UCSB-IZC00036621.jpg
78052042,2105,142,2699,142,594.0,1084,1335,1221,1333,137.01,0.12,Yes,UCSB-IZC00036623.jpg
78052043,1877,199,2195,202,318.01,1231,1343,1236,1470,127.1,0.2,Yes,UCSB-IZC00036628.jpg
78052044,1165,195,1794,192,629.01,1228,1496,1488,1497,260.0,0.21,Yes,UCSB-IZC00036633.jpg
78052045,1664,191,2296,189,632.0,1225,1447,1385,1443,160.05,0.13,Yes,UCSB-IZC00036634.jpg
78052046,1882,256,2580,253,698.01,1179,1172,1420,1179,241.1,0.17,Yes,UCSB-IZC00036635.jpg
78052047,1599,257,2228,253,629.01,1076,1466,1077,1517,51.01,0.04,Yes,UCSB-IZC00036637.jpg
78052048,2052,187,2679,187,627.0,1112,1520,1398,1556,288.26,0.23,Yes,UCSB-IZC00036639.jpg
78052049,2343,152,2935,151,592.0,1612,1582,1850,1556,239.42,0.2,Yes,UCSB-IZC00036646.jpg
78052050,1414,161,2044,159,630.0,1253,1506,1506,1497,253.16,0.2,Yes,UCSB-IZC00036647.jpg
78052051,2024,189,2336,186,312.01,1164,1578,1171,1696,118.21,0.19,Yes,UCSB-IZC00036700.jpg
78052052,1170,587,1702,856,596.14,1676,2454,1427,2647,315.04,0.26,Yes,UCSB-IZC00036724.jpg
78052053,1658,468,2078,421,422.62,937,1378,952,1495,117.96,0.14,Yes,UCSB-IZC00036733.jpg
78052054,1886,240,2554,235,668.02,1684,2505,1688,2443,62.13,0.05,Yes,UCSB-IZC00036737.jpg
78052055,957,276,1588,274,631.0,1445,2359,1448,2523,164.03,0.13,Yes,UCSB-IZC00036748.jpg
78052056,1858,257,2531,259,673.0,3107,3065,3102,3113,48.26,0.04,Yes,UCSB-IZC00036756.jpg
78052057,984,407,1658,406,674.0,1530,2263,1529,2205,58.01,0.04,Yes,UCSB-IZC00036757.jpg
78052058,1602,262,2277,254,675.05,1577,2572,1584,2516,56.44,0.04,Yes,UCSB-IZC00036762.jpg
78052059,2235,386,2636,391,401.03,1757,2836,1765,2787,49.65,0.06,Yes,UCSB-IZC00036765.jpg
78052060,1094,281,1763,273,669.05,1766,2262,1771,2424,162.08,0.12,Yes,UCSB-IZC00036766.jpg
78052061,1520,279,2194,276,674.01,1822,2192,1829,2248,56.44,0.04,Yes,UCSB-IZC00036771.jpg
78052062,1246,192,1873,187,627.02,1611,2147,1605,2303,156.12,0.12,Yes,UCSB-IZC00036772.jpg
78052063,1354,257,1890,255,536.0,1807,2342,1824,2649,307.47,0.29,Yes,UCSB-IZC00036840.jpg
78052064,1928,804,2465,886,543.22,3204,3109,3219,3282,173.65,0.16,Yes,UCSB-IZC00036889.jpg
78052065,1552,218,1895,213,343.04,928,2535,931,2555,20.22,0.03,Yes,UCSB-IZC00036892.jpg
78052066,1859,164,2487,160,628.01,1332,2207,1338,2370,163.11,0.13,Yes,UCSB-IZC00036921.jpg
78052067,1528,472,1935,530,411.11,1167,1708,1175,1953,245.13,0.3,Yes,UCSB-IZC00036933.jpg
78052068,988,298,1663,293,675.02,1860,2046,1881,2327,281.78,0.21,Yes,UCSB-IZC00036943.jpg
78052069,559,217,1235,217,676.0,1302,2632,1306,2805,173.05,0.13,Yes,UCSB-IZC00036946.jpg
78052070,1989,195,2618,194,629.0,1670,2088,1664,2247,159.11,0.13,Yes,UCSB-IZC00036950.jpg
78052071,1300,291,1978,293,678.0,1687,2578,1689,2728,150.01,0.11,Yes,UCSB-IZC00036981.jpg
78052072,1333,274,1713,273,380.0,1693,2344,1692,2396,52.01,0.07,Yes,UCSB-IZC00037085.jpg
78052073,1535,315,2208,311,673.01,1639,2084,1643,2134,50.16,0.04,Yes,UCSB-IZC00037089.jpg
78052074,1834,247,2510,248,676.0,1554,2369,1557,2530,161.03,0.12,Yes,UCSB-IZC00037095.jpg
78052075,1831,662,2612,660,781.0,1820,2239,1823,2417,178.03,0.11,Yes,UCSB-IZC00037107.jpg
78052076,2223,666,2935,660,712.03,1901,2389,1913,2541,152.47,0.11,Yes,UCSB-IZC00037115.jpg
78052077,1567,249,2244,245,677.01,1537,2399,1551,2556,157.62,0.12,Yes,UCSB-IZC00037128.jpg
78052078,1941,201,2616,201,675.0,1769,2452,1779,2514,62.8,0.05,Yes,UCSB-IZC00037139.jpg
78052079,1235,188,1865,184,630.01,1399,2189,1404,2342,153.08,0.12,Yes,UCSB-IZC00037202.jpg
78052080,1243,184,1694,182,451.0,256,1653,277,1758,107.08,0.12,Yes,UCSB-IZC00037203.jpg
78052081,1067,532,1574,609,512.81,1161,2041,1149,2329,288.25,0.28,Yes,UCSB-IZC00037211.jpg
78052082,2087,406,2752,405,665.0,2095,3002,2100,2946,56.22,0.04,Yes,UCSB-IZC00037213.jpg
78052083,1772,154,2407,154,635.0,1065,1354,1226,1329,162.93,0.13,Yes,UCSB-IZC00037223.jpg
78052084,878,199,1503,203,625.01,1606,1468,1857,1472,251.03,0.2,Yes,UCSB-IZC00037232.jpg
78052085,1457,300,2124,286,667.15,1661,2669,1662,2738,69.01,0.05,Yes,UCSB-IZC00037241.jpg
78052086,1652,209,1990,208,338.0,996,1500,999,1566,66.07,0.1,Yes,UCSB-IZC00037242.jpg
78052087,1360,197,2072,194,712.01,1514,1304,1803,1286,289.56,0.2,Yes,UCSB-IZC00037244.jpg
78052088,1985,148,2616,146,631.0,1661,2055,1662,2200,145.0,0.11,Yes,UCSB-IZC00037247.jpg
78052089,1984,236,2568,232,584.01,1416,1858,1413,1909,51.09,0.04,Yes,UCSB-IZC00037252.jpg
78052090,1001,420,1671,417,670.01,1738,2702,1735,2758,56.08,0.04,Yes,UCSB-IZC00037256.jpg
78052091,1270,211,1601,208,331.01,1408,1752,1408,1889,137.0,0.21,Yes,UCSB-IZC00037341.jpg
78052092,1383,562,2071,555,688.04,1286,1898,1293,2027,129.19,0.09,Yes,UCSB-IZC00037446.jpg
78052093,1799,211,2414,210,615.0,816,1425,817,1464,39.01,0.03,Yes,UCSB-IZC00037470.jpg
78052094,1793,151,2305,153,512.0,1139,1622,1145,1669,47.38,0.05,Yes,UCSB-IZC00037695.jpg
78052095,1398,519,2222,517,824.0,2044,2269,2035,2643,374.11,0.23,Yes,UCSB-IZC00037698.jpg
78052096,1014,280,1685,274,671.03,1873,2511,1875,2577,66.03,0.05,Yes,UCSB-IZC00037707.jpg
78052097,1745,182,2332,178,587.01,1650,2600,1650,2648,48.0,0.04,Yes,UCSB-IZC00037720.jpg
78052098,1519,211,1627,213,108.02,924,1247,926,1373,126.02,0.58,Yes,UCSB-IZC00038568.jpg
78052099,1695,180,2204,179,509.0,930,1269,930,1314,45.0,0.04,Yes,UCSB-IZC00038573.jpg
78052100,2514,224,2854,225,340.0,1514,2209,1519,2250,41.3,0.06,Yes,UCSB-IZC00038612.jpg
78052101,2341,143,2936,141,595.0,1012,1478,1260,1473,248.05,0.21,Yes,UCSB-IZC00038656.jpg
78052102,1367,300,1853,518,532.65,865,1256,1109,1247,244.17,0.23,Yes,UCSB-IZC00038705.jpg
78052103,1565,172,2191,171,626.0,1099,1508,1340,1479,242.74,0.19,Yes,UCSB-IZC00038711.jpg
78052104,1296,283,1965,279,669.01,1551,2352,1553,2532,180.01,0.13,Yes,UCSB-IZC00038770.jpg
78052105,1609,255,2277,257,668.0,1739,2353,1738,2519,166.0,0.12,Yes,UCSB-IZC00038774.jpg
78052106,1720,379,2441,410,721.67,1367,1764,1376,1727,38.08,0.03,Yes,UCSB-IZC00038777.jpg
78052107,1017,209,1838,208,821.0,2249,1856,2305,1855,56.01,0.03,Yes,UCSB-IZC00038808.jpg
78052109,2140,311,2644,490,534.84,1218,1329,1472,1314,254.44,0.24,Yes,UCSB-IZC00038814.jpg
78052111,1583,297,2381,293,798.01,1832,2510,1834,2557,47.04,0.03,Yes,UCSB-IZC00038816.jpg
78052113,2066,226,2742,230,676.01,1806,2378,1803,2534,156.03,0.12,Yes,UCSB-IZC00038828.jpg
78052114,1802,349,2478,353,676.01,1872,2717,1883,2875,158.38,0.12,Yes,UCSB-IZC00038830.jpg
78052115,1308,322,1984,318,676.01,1357,2436,1353,2499,63.13,0.05,Yes,UCSB-IZC00038833.jpg
78052116,2099,173,2609,173,510.0,1038,1091,1050,1201,110.65,0.11,Yes,UCSB-IZC00038844.jpg
78052117,1237,675,2063,673,826.0,1793,2357,1796,2567,210.02,0.13,Yes,UCSB-IZC00038845.jpg
78052118,1862,533,2214,903,510.69,928,1335,1364,1326,436.09,0.43,Yes,UCSB-IZC00038873.jpg
78052119,1288,325,1951,323,663.0,1736,2430,1746,2731,301.17,0.23,Yes,UCSB-IZC00038875.jpg
78052120,1822,230,2495,225,673.02,1541,2346,1548,2514,168.15,0.12,Yes,UCSB-IZC00038909.jpg
78052121,1734,414,2401,400,667.15,1770,2572,1792,2739,168.44,0.13,Yes,UCSB-IZC00039302.jpg
78052122,2057,184,2562,181,505.01,1581,1768,1584,1723,45.1,0.04,Yes,UCSB-IZC00039309.jpg
78052123,2317,736,2849,816,537.98,1838,2326,1818,2510,185.08,0.17,Yes,UCSB-IZC00039723.jpg
78052124,2292,759,3107,746,815.1,1637,2466,1641,2523,57.14,0.04,Yes,UCSB-IZC00039728.jpg
78052125,1518,406,2183,398,665.05,1595,2674,1597,2822,148.01,0.11,Yes,UCSB-IZC00039729.jpg
78052126,1578,285,2246,283,668.0,1687,2365,1694,2520,155.16,0.12,Yes,UCSB-IZC00039743.jpg
78052127,1739,176,2247,175,508.0,1215,1213,1213,1427,214.01,0.21,Yes,UCSB-IZC00039748.jpg
78052128,1252,369,1917,368,665.0,1791,2489,1796,2660,171.07,0.13,Yes,UCSB-IZC00039750.jpg
78052129,2210,364,2609,360,399.02,1665,2666,1669,2722,56.14,0.07,Yes,UCSB-IZC00039762.jpg
78052130,1554,333,2219,329,665.01,1713,2530,1720,2821,291.08,0.22,Yes,UCSB-IZC00039767.jpg
78052131,2208,150,2843,148,635.0,1572,2001,1583,2055,55.11,0.04,Yes,UCSB-IZC00039769.jpg
78052132,1486,271,2288,266,802.02,1830,2295,1836,2463,168.11,0.1,Yes,UCSB-IZC00039868.jpg
78052133,1592,315,2267,324,675.06,1937,2525,1932,2594,69.18,0.05,Yes,UCSB-IZC00039879.jpg
78052134,1848,294,2523,287,675.04,1572,2863,1574,2911,48.04,0.04,Yes,UCSB-IZC00039886.jpg
78052135,1240,193,1624,193,384.0,1451,2209,1436,2388,179.63,0.23,Yes,UCSB-IZC00039956.jpg
78052136,636,723,1389,745,753.32,2027,2607,2017,2891,284.18,0.19,Yes,UCSB-IZC00040261.jpg
78052137,1735,197,2103,195,368.01,1292,2424,1289,2341,83.05,0.11,Yes,UCSB-IZC00040268.jpg
78052138,2802,270,3213,275,411.03,1729,2373,1724,2438,65.19,0.08,Yes,UCSB-IZC00040276.jpg
78052139,2169,222,2734,225,565.01,1257,2200,1261,2334,134.06,0.12,Yes,UCSB-IZC00040284.jpg
78052140,1216,237,1896,235,680.0,1932,2499,1950,2440,61.68,0.05,Yes,UCSB-IZC00040285.jpg
78052141,1998,183,2626,177,628.03,1472,2132,1470,2182,50.04,0.04,Yes,UCSB-IZC00040411.jpg
78052142,1689,585,2340,571,651.15,1285,2032,1287,2094,62.03,0.05,Yes,UCSB-IZC00040421.jpg
78052143,921,620,1630,623,709.01,1569,2315,1576,2352,37.66,0.03,Yes,UCSB-IZC00040424.jpg
78052144,1383,179,1924,180,541.0,1297,2019,1305,2135,116.28,0.11,Yes,UCSB-IZC00040428.jpg
78052145,1564,249,2240,250,676.0,1708,2492,1689,2777,285.63,0.21,Yes,UCSB-IZC00040432.jpg
78052146,1560,421,2142,404,582.25,1163,1260,1181,1463,203.8,0.18,Yes,UCSB-IZC00040441.jpg
78052147,1330,207,2002,202,672.02,2094,2072,2083,2353,281.22,0.21,Yes,UCSB-IZC00040447.jpg
78052148,557,349,1247,346,690.01,1727,2737,1735,2927,190.17,0.14,Yes,UCSB-IZC00040751.jpg
78052149,1076,355,1767,351,691.01,1880,2602,1883,2657,55.08,0.04,Yes,UCSB-IZC00040783.jpg
78052150,1473,271,1996,270,523.0,1011,2079,1018,2202,123.2,0.12,Yes,UCSB-IZC00040787.jpg
78052151,1802,336,2207,333,405.01,1658,1980,1657,2120,140.0,0.17,Yes,UCSB-IZC00040801.jpg
78052152,1850,807,2121,812,271.05,1871,2570,1863,2844,274.12,0.51,Yes,UCSB-IZC00040812.jpg
78052153,1588,687,2340,667,752.27,1635,1980,1637,2418,438.0,0.29,Yes,UCSB-IZC00040823.jpg
78052154,1557,376,1949,379,392.01,1951,2545,1952,2710,165.0,0.21,Yes,UCSB-IZC00040827.jpg
78052155,1397,283,2071,278,674.02,1605,2531,1607,2800,269.01,0.2,Yes,UCSB-IZC00040828.jpg
78052156,978,804,1763,804,785.0,1877,2480,1884,2652,172.14,0.11,Yes,UCSB-IZC00040841.jpg
78052157,811,343,1505,337,694.03,1949,2579,1939,2525,54.92,0.04,Yes,UCSB-IZC00040843.jpg
78052158,2197,317,2870,308,673.06,1595,2186,1606,2320,134.45,0.1,Yes,UCSB-IZC00040844.jpg
78052159,1250,369,1580,372,330.01,2112,2996,2122,3166,170.29,0.26,Yes,UCSB-IZC00040845.jpg
78052160,1227,339,1916,335,689.01,1761,2446,1784,2677,232.14,0.17,Yes,UCSB-IZC00040846.jpg
78052161,876,281,1566,286,690.02,1957,2800,1956,2856,56.01,0.04,Yes,UCSB-IZC00040851.jpg
78052162,1103,361,1925,365,822.01,1947,2407,1945,2587,180.01,0.11,Yes,UCSB-IZC00040855.jpg
78052163,1793,307,2468,296,675.09,1522,2586,1528,2762,176.1,0.13,Yes,UCSB-IZC00040857.jpg
78052164,1649,288,2328,280,679.05,1563,2754,1564,2799,45.01,0.03,Yes,UCSB-IZC00040866.jpg
78052165,1915,312,2589,302,674.07,1622,2741,1621,2693,48.01,0.04,Yes,UCSB-IZC00040880.jpg
78052166,1828,763,2359,759,531.02,1692,2482,1695,2668,186.02,0.18,Yes,UCSB-IZC00040882.jpg
78052167,1648,309,2324,303,676.03,1736,2483,1746,2633,150.33,0.11,Yes,UCSB-IZC00040891.jpg
78052168,1832,724,2622,722,790.0,1680,2330,1686,2507,177.1,0.11,Yes,UCSB-IZC00040926.jpg
78052169,1076,325,1773,326,697.0,1929,2506,1931,2554,48.04,0.03,Yes,UCSB-IZC00040965.jpg
78052170,1499,333,1921,334,422.0,1845,2621,1848,2791,170.03,0.2,Yes,UCSB-IZC00040968.jpg
78052171,1245,380,1921,377,676.01,1754,2415,1750,2564,149.05,0.11,Yes,UCSB-IZC00040984.jpg
78052172,1327,684,2081,705,754.29,1782,2226,1787,2270,44.28,0.03,Yes,UCSB-IZC00040995.jpg
78052173,2358,322,3027,323,669.0,2112,2710,2106,2656,54.33,0.04,Yes,UCSB-IZC00040999.jpg
78052174,1581,287,2254,271,673.19,1610,2534,1612,2589,55.04,0.04,Yes,UCSB-IZC00041008.jpg
78052175,1826,269,2493,270,667.0,2142,2522,2144,2588,66.03,0.05,Yes,UCSB-IZC00041011.jpg
78052176,1156,223,1831,222,675.0,2092,2387,2079,2660,273.31,0.2,Yes,UCSB-IZC00041017.jpg
78052177,1621,318,2294,331,673.13,1874,2595,1870,2761,166.05,0.12,Yes,UCSB-IZC00041020.jpg
78052178,1756,273,2428,272,672.0,2130,2407,2134,2460,53.15,0.04,Yes,UCSB-IZC00041024.jpg
78052179,778,302,1453,287,675.17,1707,2527,1714,2699,172.14,0.13,Yes,UCSB-IZC00041031.jpg
78052180,1687,837,2425,837,738.0,1716,2588,1719,2754,166.03,0.11,Yes,UCSB-IZC00041034.jpg
78052181,807,316,1505,312,698.01,1895,2252,1888,2101,151.16,0.11,Yes,UCSB-IZC00041040.jpg
78052182,1733,251,2410,251,677.0,2096,2380,2099,2440,60.07,0.04,Yes,UCSB-IZC00041461.jpg
78052183,1916,326,2719,320,803.02,1651,2427,1658,2588,161.15,0.1,Yes,UCSB-IZC00041462.jpg
78052184,1106,318,1797,317,691.0,1961,3202,1966,3157,45.28,0.03,Yes,UCSB-IZC00041467.jpg
78052185,1381,848,1924,909,546.42,1591,2594,1627,2893,301.16,0.28,Yes,UCSB-IZC00041480.jpg
78052186,1847,240,2515,236,668.01,1617,2483,1636,2665,182.99,0.14,Yes,UCSB-IZC00041482.jpg
78052187,1490,284,2160,285,670.0,2215,2152,2209,2101,51.35,0.04,Yes,UCSB-IZC00041489.jpg
78052188,2047,598,2578,901,611.37,2235,2730,2058,2851,214.41,0.18,Yes,UCSB-IZC00041508.jpg
78052189,1394,655,2193,673,799.2,1870,2285,1858,2462,177.41,0.11,Yes,UCSB-IZC00041511.jpg
78052190,1968,760,2746,729,778.62,1534,2384,1548,2558,174.56,0.11,Yes,UCSB-IZC00041512.jpg
78052191,1522,320,1925,313,403.06,1590,2244,1595,2525,281.04,0.35,Yes,UCSB-IZC00041517.jpg
78052192,1512,418,2183,415,671.01,1898,2502,1905,2788,286.09,0.21,Yes,UCSB-IZC00041520.jpg
78052193,1242,403,1917,399,675.01,1718,2651,1724,2696,45.4,0.03,Yes,UCSB-IZC00041521.jpg
78052194,1833,664,2578,656,745.04,1619,2106,1626,2279,173.14,0.12,Yes,UCSB-IZC00041535.jpg
78052195,1860,751,2658,730,798.28,1752,2495,1766,2666,171.57,0.11,Yes,UCSB-IZC00041536.jpg
78052196,1636,233,2311,234,675.0,1639,2604,1637,2658,54.04,0.04,Yes,UCSB-IZC00041538.jpg
78052197,1303,275,1975,273,672.0,1524,2389,1515,2563,174.23,0.13,Yes,UCSB-IZC00041544.jpg
78052198,1905,239,2578,241,673.0,1620,2328,1622,2501,173.01,0.13,Yes,UCSB-IZC00041550.jpg
78052199,2336,273,3010,273,674.0,1863,2312,1870,2446,134.18,0.1,Yes,UCSB-IZC00041562.jpg
78052200,1396,320,2069,319,673.0,1619,2108,1632,2282,174.48,0.13,Yes,UCSB-IZC00041574.jpg
78052201,1265,330,1934,328,669.0,1500,2443,1503,2611,168.03,0.13,Yes,UCSB-IZC00041623.jpg
78052202,1527,318,1935,311,408.06,1490,2391,1488,2674,283.01,0.35,Yes,UCSB-IZC00041624.jpg
78052203,1225,418,1887,407,662.09,1700,2439,1712,2701,262.27,0.2,Yes,UCSB-IZC00041628.jpg
78052204,1303,281,1979,282,676.0,1498,2413,1504,2555,142.13,0.11,Yes,UCSB-IZC00041640.jpg
78052205,977,711,1718,732,741.3,2088,2356,2275,2545,265.88,0.18,Yes,UCSB-IZC00041696.jpg
78052206,1193,241,1866,240,673.0,1943,2493,1933,2661,168.3,0.13,Yes,UCSB-IZC00041836.jpg
78052207,1255,145,1704,146,449.0,613,1579,612,1612,33.02,0.04,No,UCSB-IZC00041841.jpg
78052208,1743,260,2306,258,563.0,952,1792,941,1930,138.44,0.12,Yes,UCSB-IZC00041859.jpg
78052209,1841,278,2515,279,674.0,1529,2141,1533,2199,58.14,0.04,Yes,UCSB-IZC00041881.jpg
78052210,1570,313,2243,315,673.0,1594,2520,1597,2575,55.08,0.04,Yes,UCSB-IZC00041883.jpg
78052211,1741,172,2370,170,629.0,1563,2274,1568,2330,56.22,0.04,Yes,UCSB-IZC00041903.jpg
78052212,1605,182,2169,181,564.0,1156,2094,1157,2230,136.0,0.12,Yes,UCSB-IZC00041904.jpg
78052213,2644,274,3054,279,410.03,1869,2295,1872,2338,43.1,0.05,Yes,UCSB-IZC00041943.jpg
78052214,1519,307,2328,298,809.05,1778,2318,1785,2493,175.14,0.11,Yes,UCSB-IZC00041950.jpg
78052215,1048,320,1721,316,673.01,2205,2681,2237,2950,270.9,0.2,Yes,UCSB-IZC00041963.jpg
78052216,2049,421,2857,418,808.01,1481,2066,1483,2319,253.01,0.16,Yes,UCSB-IZC00041965.jpg
78052217,1403,845,2103,838,700.03,1659,2736,1659,2917,181.0,0.13,Yes,UCSB-IZC00041967.jpg
78052218,1784,378,2454,377,670.0,1906,2931,1914,3086,155.21,0.12,Yes,UCSB-IZC00041971.jpg
78052219,1316,320,1990,329,674.06,1770,2540,1772,2689,149.01,0.11,Yes,UCSB-IZC00041980.jpg
78052220,1316,546,2041,561,725.16,1831,2244,1826,2431,187.07,0.13,Yes,UCSB-IZC00042000.jpg
78052221,1691,487,2036,768,444.96,1557,2265,1343,2460,289.52,0.33,Yes,UCSB-IZC00042071.jpg
78052222,2100,261,2777,268,677.04,1517,2372,1516,2521,149.0,0.11,Yes,UCSB-IZC00042169.jpg
78052223,1181,356,1849,355,668.0,1651,2619,1655,2716,97.08,0.07,Yes,UCSB-IZC00042195.jpg
78052224,1024,305,1689,301,665.01,1609,2718,1608,2571,147.0,0.11,Yes,UCSB-IZC00042197.jpg
78052225,2090,374,2757,372,667.0,1938,2524,1951,2682,158.53,0.12,Yes,UCSB-IZC00042235.jpg
78052226,2374,269,2788,269,414.0,1583,2338,1584,2499,161.0,0.19,Yes,UCSB-IZC00042243.jpg
78052227,2081,301,2496,303,415.0,1998,2442,1983,2717,275.41,0.33,Yes,UCSB-IZC00042265.jpg
78052228,1534,346,2210,345,676.0,2029,2509,2033,2681,172.05,0.13,Yes,UCSB-IZC00042266.jpg
78052229,2111,132,2706,131,595.0,1238,1321,1398,1317,160.05,0.13,Yes,UCSB-IZC00042273.jpg
78052230,2060,235,2405,232,345.01,1279,2125,1278,2167,42.01,0.06,Yes,UCSB-IZC00042297.jpg
78052231,1197,300,2025,298,828.0,2068,2083,2057,2277,194.31,0.12,Yes,UCSB-IZC00042308.jpg
78052232,1822,189,2382,188,560.0,924,2036,921,2173,137.03,0.12,Yes,UCSB-IZC00042346.jpg
78052233,1412,558,1829,612,420.48,1345,1995,1335,2119,124.4,0.15,Yes,UCSB-IZC00042357.jpg
78052234,2401,219,2964,216,563.01,1646,1896,1644,1938,42.05,0.04,Yes,UCSB-IZC00042392.jpg
78052235,1999,203,2509,205,510.0,1241,1477,1244,1518,41.11,0.04,Yes,UCSB-IZC00042393.jpg
78052236,1897,163,2406,163,509.0,864,975,865,1086,111.0,0.11,Yes,UCSB-IZC00042394.jpg
78052237,2141,167,2649,166,508.0,1220,1366,1220,1408,42.0,0.04,Yes,UCSB-IZC00042411.jpg
78052238,2403,228,2967,226,564.0,1357,1949,1358,1983,34.01,0.03,Yes,UCSB-IZC00042428.jpg
78052239,1989,203,2496,204,507.0,1190,1234,1188,1269,35.06,0.03,Yes,UCSB-IZC00042438.jpg
78052240,1974,243,2484,243,510.0,1240,2038,1244,2078,40.2,0.04,Yes,UCSB-IZC00042447.jpg
78052241,1995,205,2508,201,513.02,924,1094,930,1136,42.43,0.04,Yes,UCSB-IZC00042456.jpg
78052242,2178,228,2740,225,562.01,1701,1821,1708,1978,157.16,0.14,Yes,UCSB-IZC00042465.jpg
78052243,2131,167,2640,169,509.0,1024,1214,1025,1251,37.01,0.04,Yes,UCSB-IZC00042474.jpg
78052244,1496,477,2040,471,544.03,846,1549,849,1655,106.04,0.1,Yes,UCSB-IZC00042536.jpg
78052245,1796,205,2304,207,508.0,1131,1317,1128,1455,138.03,0.14,Yes,UCSB-IZC00042554.jpg
78052246,1487,455,2058,499,572.69,1012,1654,1005,1843,189.13,0.17,Yes,UCSB-IZC00042601.jpg
78052247,1290,151,1964,148,674.01,2054,2202,2054,2362,160.0,0.12,Yes,UCSB-IZC00042623.jpg
78052248,1292,205,1902,207,610.0,1001,1305,1003,1443,138.01,0.11,Yes,UCSB-IZC00042678.jpg
78052249,1435,747,2375,734,940.09,1656,2406,1654,2447,41.05,0.02,Yes,UCSB-IZC00042722.jpg
78052250,1257,259,1635,255,378.02,1347,2183,1355,2449,266.12,0.35,Yes,UCSB-IZC00042735.jpg
78052251,1753,198,2426,194,673.01,2019,2412,2021,2473,61.03,0.05,Yes,UCSB-IZC00042738.jpg
78052252,1979,222,2488,227,509.02,1194,1419,1198,1457,38.21,0.04,Yes,UCSB-IZC00042740.jpg
78052253,2082,247,2384,250,302.01,1071,1466,1072,1589,123.0,0.2,Yes,UCSB-IZC00042764.jpg
78052254,2036,755,2855,720,819.75,1612,2411,1633,2568,158.4,0.1,Yes,UCSB-IZC00042948.jpg
78052255,1988,181,2620,180,632.0,1654,2169,1656,2219,50.04,0.04,Yes,UCSB-IZC00042982.jpg
78052256,1558,563,2334,567,776.01,1544,2090,1548,2276,186.04,0.12,Yes,UCSB-IZC00042985.jpg
78052257,2185,198,2858,202,673.01,1966,1915,1981,2078,163.69,0.12,Yes,UCSB-IZC00043003.jpg
78052258,1505,282,2138,289,633.04,1406,2409,1413,2556,147.17,0.12,Yes,UCSB-IZC00043024.jpg
78052259,1578,455,2062,715,549.41,1747,1469,1885,1560,165.3,0.15,Yes,UCSB-IZC00043039.jpg
78052260,1918,202,2545,196,627.03,1483,2246,1488,2297,51.24,0.04,Yes,UCSB-IZC00043054.jpg
78052261,1077,244,1708,242,631.0,1557,1724,1553,1977,253.03,0.2,Yes,UCSB-IZC00043063.jpg
78052262,1174,188,1800,182,626.03,1652,2215,1652,2495,280.0,0.22,Yes,UCSB-IZC00043066.jpg
78052263,1362,483,1940,603,590.33,1765,2126,1753,2391,265.27,0.22,Yes,UCSB-IZC00043068.jpg
78052264,1533,359,1946,360,413.0,2293,2409,2295,2455,46.04,0.06,Yes,UCSB-IZC00043071.jpg
78052265,1517,236,2148,236,631.0,1461,2234,1466,2290,56.22,0.04,Yes,UCSB-IZC00043074.jpg
78052266,1224,662,1926,649,702.12,1572,2242,1589,2398,156.92,0.11,Yes,UCSB-IZC00043080.jpg
78052267,1759,422,2428,412,669.07,1727,2487,1732,2639,152.08,0.11,Yes,UCSB-IZC00043369.jpg
78052268,1620,187,2271,186,651.0,1714,1955,1718,2098,143.06,0.11,Yes,UCSB-IZC00043399.jpg
78052269,2138,238,2791,238,653.0,1447,2445,1458,2608,163.37,0.13,Yes,UCSB-IZC00043420.jpg
78052270,1839,336,2614,341,775.02,1633,2136,1641,2284,148.22,0.1,Yes,UCSB-IZC00043427.jpg
78052271,2594,250,2989,251,395.0,1625,2556,1635,2698,142.35,0.18,Yes,UCSB-IZC00043429.jpg
78052272,1631,249,2282,251,651.0,1780,2332,1778,2472,140.01,0.11,Yes,UCSB-IZC00043430.jpg
78052273,2622,737,3337,741,715.01,1965,2395,1966,2556,161.0,0.11,Yes,UCSB-IZC00043432.jpg
78052274,1765,600,2516,615,751.15,1607,1792,1617,1958,166.3,0.11,Yes,UCSB-IZC00043477.jpg
78052275,2336,306,2733,305,397.0,1574,2548,1574,2701,153.0,0.19,Yes,UCSB-IZC00043609.jpg
78052276,1314,272,1962,271,648.0,1591,2488,1605,2629,141.69,0.11,Yes,UCSB-IZC00043682.jpg
78052277,1836,321,2611,318,775.01,1815,1938,1822,2101,163.15,0.11,Yes,UCSB-IZC00043718.jpg
78052278,1827,285,2475,285,648.0,1810,2338,1811,2474,136.0,0.1,Yes,UCSB-IZC00043749.jpg
78052279,2257,317,2816,320,559.01,1545,2175,1546,2213,38.01,0.03,Yes,UCSB-IZC00043802.jpg
78052280,2294,229,2928,228,634.0,1596,2348,1596,2396,48.0,0.04,Yes,UCSB-IZC00043821.jpg
78052281,2186,208,2817,205,631.01,1723,2212,1731,2265,53.6,0.04,Yes,UCSB-IZC00043824.jpg
78052282,1193,217,1823,215,630.0,1961,2542,1962,2599,57.01,0.05,Yes,UCSB-IZC00043827.jpg
78052283,1442,244,1823,246,381.01,2042,1800,2046,2085,285.03,0.37,Yes,UCSB-IZC00043836.jpg
78052284,1590,172,2220,165,630.04,1717,2236,1719,2286,50.04,0.04,Yes,UCSB-IZC00043843.jpg
78052285,1330,289,1958,285,628.01,1756,2052,1760,2102,50.16,0.04,Yes,UCSB-IZC00043849.jpg
78052286,1550,572,2073,556,523.24,1763,2000,1777,2163,163.6,0.16,Yes,UCSB-IZC00044054.jpg
78052287,1056,271,1705,268,649.01,1665,2162,1667,2423,261.01,0.2,Yes,UCSB-IZC00044068.jpg
78052288,2093,304,2492,302,399.01,1922,2295,1927,2354,59.21,0.07,Yes,UCSB-IZC00044095.jpg
78052289,1563,671,2293,644,730.5,1791,2246,1795,2415,169.05,0.12,Yes,UCSB-IZC00044239.jpg
78052290,1628,238,2281,240,653.0,1610,2347,1610,2470,123.0,0.09,Yes,UCSB-IZC00044265.jpg
78052291,2135,227,2786,228,651.0,1694,1995,1698,2150,155.05,0.12,Yes,UCSB-IZC00044279.jpg
78052292,1955,625,2677,632,722.03,1439,2094,1441,2257,163.01,0.11,Yes,UCSB-IZC00044311.jpg
78052293,1548,271,2178,272,630.0,1433,2370,1435,2318,52.04,0.04,Yes,UCSB-IZC00044406.jpg
78052294,2198,263,2576,260,378.01,1836,2234,1841,2289,55.23,0.07,Yes,UCSB-IZC00044441.jpg
78052295,1256,252,2010,246,754.02,1548,2197,1554,2457,260.07,0.17,Yes,UCSB-IZC00044451.jpg
78052296,1569,286,2221,285,652.0,1636,2774,1640,2819,45.18,0.03,Yes,UCSB-IZC00044585.jpg
78052297,1700,288,2090,293,390.03,1565,2598,1558,2771,173.14,0.22,Yes,UCSB-IZC00044616.jpg
78052298,2149,241,2802,241,653.0,1302,2143,1298,2099,44.18,0.03,Yes,UCSB-IZC00046412.jpg
78052299,1176,318,1566,315,390.01,1743,2582,1736,2749,167.15,0.21,Yes,UCSB-IZC00046696.jpg
78052300,2152,226,2800,228,648.0,1782,2140,1788,2317,177.1,0.14,Yes,UCSB-IZC00046702.jpg
78052301,2364,218,2751,218,387.0,1621,2423,1621,2480,57.0,0.07,Yes,UCSB-IZC00046708.jpg
78052302,1606,625,2316,603,710.34,1236,2067,1256,2478,411.49,0.29,Yes,UCSB-IZC00046733.jpg
78052303,1561,305,2215,304,654.0,1394,2489,1399,2544,55.23,0.04,Yes,UCSB-IZC00046925.jpg
78052304,2403,274,3057,273,654.0,1546,2066,1547,2225,159.0,0.12,Yes,UCSB-IZC00046949.jpg
78052307,1726,273,2373,271,647.0,1395,2181,1402,2237,56.44,0.04,Yes,UCSB-IZC00047045.jpg
78052309,1596,172,2165,169,569.01,1307,1858,1318,2000,142.43,0.13,Yes,UCSB-IZC00010886.jpg
78052310,2019,175,2536,176,517.0,931,1242,930,1371,129.0,0.12,Yes,UCSB-IZC00030159.jpg
78052311,1856,168,2371,170,515.0,928,1692,916,1832,140.51,0.14,Yes,UCSB-IZC00030313.jpg
78052312,1922,186,2435,185,513.0,847,1833,851,1874,41.19,0.04,Yes,UCSB-IZC00030474.jpg
78052313,1726,629,2134,641,408.18,1442,2221,1438,2358,137.06,0.17,Yes,UCSB-IZC00030667.jpg
78052314,1640,175,2210,174,570.0,1468,1801,1475,1942,141.17,0.12,Yes,UCSB-IZC00030786.jpg
78052315,1153,233,1719,227,566.03,1181,1295,1184,1444,149.03,0.13,Yes,UCSB-IZC00030796.jpg
78052316,1186,761,1831,753,645.05,1446,2987,1457,3146,159.38,0.12,Yes,UCSB-IZC00030809.jpg
78052317,1491,503,2110,492,619.1,1385,1803,1385,2070,267.0,0.22,Yes,UCSB-IZC00030895.jpg
78052318,1284,397,1708,450,427.3,773,1531,767,1672,141.13,0.17,Yes,UCSB-IZC00034425.jpg
78052319,1041,131,1684,131,643.0,1030,1537,1288,1563,259.31,0.2,Yes,UCSB-IZC00036466.jpg
78052320,1583,493,1818,566,246.08,1267,1795,1282,2065,270.42,0.55,Yes,UCSB-IZC00010886.jpg
78052321,2017,186,2531,192,514.04,883,1285,884,1318,33.02,0.03,Yes,UCSB-IZC00030159.jpg
78052322,1651,151,2165,148,514.01,924,1696,919,1828,132.09,0.13,Yes,UCSB-IZC00030313.jpg
78052323,1278,545,1843,532,565.15,858,1784,865,1920,136.18,0.12,Yes,UCSB-IZC00030474.jpg
78052324,966,197,1535,194,569.01,1415,2176,1420,2393,217.06,0.19,Yes,UCSB-IZC00030667.jpg
78052325,1415,198,1988,198,573.0,1471,1849,1471,1895,46.0,0.04,Yes,UCSB-IZC00030786.jpg
78052326,1977,437,2590,445,613.05,1202,1382,1201,1359,23.02,0.02,Yes,UCSB-IZC00030796.jpg
78052327,1895,163,2499,163,604.0,1437,3050,1442,3088,38.33,0.03,Yes,UCSB-IZC00030809.jpg
78052328,1674,130,1796,132,122.02,1363,1811,1373,2069,258.19,1.06,Yes,UCSB-IZC00030895.jpg
78052329,990,142,1516,142,526.0,772,1543,770,1660,117.02,0.11,Yes,UCSB-IZC00034425.jpg
78052330,1978,267,2586,399,622.16,1532,1415,1681,1734,352.08,0.28,Yes,UCSB-IZC00036466.jpg
